–û—Ç–º–µ—Ç–∫–∞ –≤—Ä–µ–º–µ–Ω–∏,"–ö–æ–≥–¥–∞ —è –ø–æ—Å—Ç—É–ø–∞–ª(–∞) –≤ —É–Ω–∏–≤–µ—Ä—Å–∏—Ç–µ—Ç —è –≤—ã–±—Ä–∞–ª(–∞) –ø—Ä–æ—Ñ–µ—Å—Å–∏—é –ø—Ä–æ–≥—Ä–∞–º–º–∏—Å—Ç–∞, –ø–æ—Ç–æ–º—É —á—Ç–æ","–ö–æ–≥–¥–∞ —è –ø–æ—Å—Ç—É–ø–∞–ª(–∞) –≤ —É–Ω–∏–≤–µ—Ä—Å–∏—Ç–µ—Ç —è –≤—ã–±—Ä–∞–ª(–∞) –ø—Ä–æ—Ñ–µ—Å—Å–∏—é –ø—Ä–æ–≥—Ä–∞–º–º–∏—Å—Ç–∞, –ø–æ—Ç–æ–º—É —á—Ç–æ:","–Ø —Å—á–∏—Ç–∞–ª(–∞),  —á—Ç–æ –ø—Ä–æ–≥—Ä–∞–º–º–∏—Ä–æ–≤–∞–Ω–∏–µ –±—É–¥–µ—Ç –¥–∞–≤–∞—Ç—å—Å—è –º–Ω–µ","–Ø —É–∂–µ –∑–Ω–∞–ª(–∞)-—É–º–µ–ª(–∞) –ø—Ä–æ–≥—Ä–∞–º–º–∏—Ä–æ–≤–∞—Ç—å, –∏—Å–ø–æ–ª—å–∑—É—è (—è–∑—ã–∫–∏ –∏ —Å—Ä–µ–¥—Å—Ç–≤–∞ –ø—Ä–æ–≥—Ä–∞–º–º–∏—Ä–æ–≤–∞–Ω–∏—è):","–°–µ–π—á–∞—Å, –ø—Ä–æ–≥—Ä–∞–º–º–∏—Ä–æ–≤–∞–Ω–∏–µ –¥–∞–µ—Ç—Å—è –º–Ω–µ:",,–ì—É–º–∞–Ω–∏—Ç–∞—Ä–Ω—ã–µ –¥–∏—Å—Ü–∏–ø–ª–∏–Ω—ã –¥–∞—é—Ç—Å—è –º–Ω–µ:,–ï—Å—Ç–µ—Å—Ç–≤–µ–Ω–Ω–æ-–Ω–∞—É—á–Ω—ã–µ –¥–∏—Å—Ü–∏–ø–ª–∏–Ω—ã –¥–∞—é—Ç—Å—è –º–Ω–µ:,"–î–∏—Å—Ü–∏–ø–ª–∏–Ω—ã, —Å–≤—è–∑–∞–Ω–Ω—ã–µ —Å ""–∂–µ–ª–µ–∑–æ–º"", –¥–∞—é—Ç—Å—è –º–Ω–µ: ",–§–∏–∑–∫—É–ª—å—Ç—É—Ä–∞ –¥–∞–µ—Ç—Å—è –º–Ω–µ:,–°–µ–π—á–∞—Å –º–æ–∏ —É–≤–ª–µ—á–µ–Ω–∏—è:,–†–∞–Ω–µ–µ —è —É–≤–ª–µ–∫–∞–ª—Å—è(–ª–∞—Å—å):,"–ú–æ–∏ —É–≤–ª–µ—á–µ–Ω–∏—è –∏–∑–º–µ–Ω–∏–ª–∏—Å—å, –ø–æ—Ç–æ–º—É —á—Ç–æ:",–Ø —Ç—Ä–∞—á—É –Ω–∞ —É—á–µ–±—É —Ç–∞–∫–æ–µ –∫–æ–ª-–≤–æ —á–∞—Å–æ–≤ –≤ –Ω–µ–¥–µ–ª—é:,–Ø —Ç—Ä–∞—á—É –Ω–∞ —É—á–µ–±—É —Ç–∞–∫–æ–π % –º–æ–µ–≥–æ –≤—Ä–µ–º–µ–Ω–∏ –∑–∞ –Ω–µ–¥–µ–ª—é:,–Ø –æ—Ç–¥—ã—Ö–∞—é —Ç–∞–∫–æ–µ –∫–æ–ª-–≤–æ —á–∞—Å–æ–≤ –≤ –Ω–µ–¥–µ–ª—é:,"–Ø —Å—á–∏—Ç–∞—é, —á—Ç–æ —É –º–µ–Ω—è –µ—Å—Ç—å —Å–ø–æ—Å–æ–±–Ω–æ—Å—Ç–∏ –∫ –ø—Ä–æ–≥—Ä–∞–º–º–∏—Ä–æ–≤–∞–Ω–∏—é:","–Ø –±—ã, —Å–∫–æ—Ä–µ–µ, –ø—Ä–µ–¥–ø–æ—á–µ–ª(–ª–∞) —É—á–∏—Ç—å—Å—è  –ø—Ä–æ–≥—Ä–∞–º–º–∏—Ä–æ–≤–∞–Ω–∏—é —É –ø—Ä–µ–ø–æ–¥–∞–≤–∞—Ç–µ–ª—è, –∫–æ—Ç–æ—Ä—ã–π:",–ü–æ—Å–ª–µ –æ–±—É—á–µ–Ω–∏—è –≤ —É–Ω–∏–≤–µ—Ä—Å–∏—Ç–µ—Ç–µ —è –ø–æ–º–µ–Ω—è–ª(–∞) –ø—Ä–µ–¥—Å—Ç–∞–≤–ª–µ–Ω–∏–µ –æ –ø—Ä–æ—Ñ–µ—Å—Å–∏–∏ –ø—Ä–æ–≥—Ä–∞–º–º–∏—Å—Ç–∞ —Å–ª–µ–¥—É—é—â–∏–º –æ–±—Ä–∞–∑–æ–º:,–Ø –±—ã —Ö–æ—Ç–µ–ª(–∞) –∏–∑–º–µ–Ω–∏—Ç—å –≤ —Å–≤–æ–µ–º –æ–±—É—á–µ–Ω–∏–∏ –ø—Ä–æ–≥—Ä–∞–º–º–∏—Ä–æ–≤–∞–Ω–∏—é —ç—Ç–æ:,–Ø –±—ã —Ö–æ—Ç–µ–ª(–∞) –∏–∑–º–µ–Ω–∏—Ç—å –≤ –∏–∑—É—á–µ–Ω–∏–∏ –¥—Ä—É–≥–∏—Ö –¥–∏—Å—Ü–∏–ø–ª–∏–Ω —ç—Ç–æ:,–ö–æ–º–ø–µ–Ω—Å–∞—Ü–∏–µ–π –∑–∞ —Å–ª–æ–∂–Ω–æ—Å—Ç—å –æ–±—É—á–µ–Ω–∏—è –ø—Ä–æ–≥—Ä–∞–º–º–∏—Ä–æ–≤–∞–Ω–∏—é –¥–ª—è –º–µ–Ω—è —è–≤–ª—è–µ—Ç—Å—è:,"–Ø, –ø–æ-–ø—Ä–µ–∂–Ω–µ–º—É, —Ö–æ—á—É —Å—Ç–∞—Ç—å –ø—Ä–æ–≥—Ä–∞–º–º–∏—Å—Ç–æ–º:","–í—Å–µ –Ω–∞–¥–æ–µ–ª–æ, —Ö–æ—á—É –≤ –∞—Ä–º–∏—é/–∑–∞–º—É–∂/(—á—Ç–æ-—Ç–æ –µ—â–µ),  –∞  —Ç–∞–º –ø–æ—Å–º–æ—Ç—Ä–∏–º:",–•–æ—Ç–µ–ª–∏ —Å–æ–æ–±—â–∏—Ç—å —á—Ç–æ-—Ç–æ –µ—â–µ? ,–ö—É—Ä—Å,–ù–∞–ø—Ä–∞–≤–ª–µ–Ω–∏–µ
02.11.2022 12:53:50,,"–ú–µ–Ω—è —É–≤–ª–µ–∫–∞–µ—Ç –∫–æ–¥–∏—Ä–æ–≤–∞–Ω–∏–µ, —Ç–∞–∫ –∫–∞–∫ –Ω—Ä–∞–≤–∏—Ç—Å—è —Ä–µ—à–∞—Ç—å —Å–ª–æ–∂–Ω—ã–µ –∏ –∏–Ω—Ç–µ—Ä–µ—Å–Ω—ã–µ –∑–∞–¥–∞—á–∏",—Å—Ä–µ–¥–Ω–µ,"–î–∞, python",—Å—Ä–µ–¥–Ω–µ,,–ª–µ–≥–∫–æ,–ª–µ–≥–∫–æ,–ª–µ–≥–∫–æ,–ª–µ–≥–∫–æ,–ú–∞—Ç –∞–Ω–∞–ª–∏–∑‚ù§,–í–æ–ª–µ–π–±–æ–ª,–°–ª–æ–∂–Ω–æ —Å –º–∞—Ç–∞–Ω–æ–º,–í—Å–µ —Å–≤–æ–±–æ–¥–Ω–æ–µ –≤—Ä–µ–º—è,80,7,"—Å–∫–æ—Ä–µ–µ –¥–∞, —á–µ–º –Ω–µ—Ç;","–ú–Ω–æ–≥–æ –∏ –¥–æ—Å—Ç—É–ø–Ω–æ –æ–±—ä—è—Å–Ω—è–µ—Ç,  –Ω–æ –∏ –º–Ω–æ–≥–æ —Å–ø—Ä–∞—à–∏–≤–∞–µ—Ç",-,-,-,-,–¥–∞,"–∫–æ–Ω–µ—á–Ω–æ,  –Ω–µ—Ç",,1,–ü—Ä–æ–≥—Ä–∞–º–º–Ω–∞—è –∏–Ω–∂–µ–Ω–µ—Ä–∏—è
02.11.2022 12:57:26,,–≠—Ç–æ –∏–Ω—Ç–µ—Ä–µ—Å–Ω–æ–µ –∏ –∞–∫—Ç—É–∞–ª—å–Ω–æ–µ –Ω–∞–ø—Ä–∞–≤–ª–µ–Ω–∏–µ,—Å—Ä–µ–¥–Ω–µ,-,–ª–µ–≥–∫–æ,,—Å—Ä–µ–¥–Ω–µ,—Å—Ä–µ–¥–Ω–µ,–ª–µ–≥–∫–æ,—Å—Ä–µ–¥–Ω–µ,"–ö–æ–º–ø—å—é—Ç–µ—Ä–Ω—ã–µ –∏–≥—Ä—ã, —Å–ø–æ—Ä—Ç","–ò–≥—Ä–∞ –Ω–∞ –≥–∏—Ç–∞—Ä–µ, —Ç–µ–Ω–Ω–∏—Å",–°—Ç–∞–ª–æ –º–µ–Ω—å—à–µ —Å–≤–æ–±–æ–¥–Ω–æ–≥–æ –≤—Ä–µ–º–µ–Ω–∏ –∏ —ç–Ω–µ—Ä–≥–∏–∏,30,10,–ó–∞–≤–∏—Å–∏—Ç –æ—Ç –∑–∞–≥—Ä—É–∂–µ–Ω–Ω–æ—Å—Ç–∏ –≤ —É—á—ë–±–µ,"—Å–∫–æ—Ä–µ–µ –¥–∞, —á–µ–º –Ω–µ—Ç;","–ú–Ω–æ–≥–æ –∏ –¥–æ—Å—Ç—É–ø–Ω–æ –æ–±—ä—è—Å–Ω—è–µ—Ç,  –Ω–æ –∏ –º–Ω–æ–≥–æ —Å–ø—Ä–∞—à–∏–≤–∞–µ—Ç",–ù–∏–∫–∞–∫,–ù–µ –∑–Ω–∞—é,–£–±—Ä–∞—Ç—å –≥—É–º–∞–Ω–∏—Ç–∞—Ä–Ω—ã–µ –¥–∏—Å—Ü–∏–ø–ª–∏–Ω—ã,–ü–æ–ª—É—á–µ–Ω–Ω—ã–µ –Ω–∞–≤—ã–∫–∏,–¥–∞,"–∫–æ–Ω–µ—á–Ω–æ,  –Ω–µ—Ç",,1,–ü—Ä–æ–≥—Ä–∞–º–º–Ω–∞—è –∏–Ω–∂–µ–Ω–µ—Ä–∏—è
02.11.2022 12:57:31,,–î–∞–Ω–Ω–æ–µ –Ω–∞–ø—Ä–∞–≤–ª–µ–Ω–∏–µ –ø–æ–∫–∞–∑–∞–ª–æ—Å—å –º–Ω–µ –Ω–∞–∏–±–æ–ª–µ–µ –∏–Ω—Ç–µ—Ä–µ—Å–Ω—ã–º,—Å—Ä–µ–¥–Ω–µ,Phyton,—Å—Ä–µ–¥–Ω–µ,,—Å—Ä–µ–¥–Ω–µ,—Å—Ä–µ–¥–Ω–µ,—Å—Ä–µ–¥–Ω–µ,–ª–µ–≥–∫–æ,–ü—Ä–æ–≥—Ä–∞–º–º–∏—Ä–æ–≤–∞–Ω–∏–µ,-,–ü–æ—Å—Ç—É–ø–∏–ª –≤ —É–Ω–∏–≤–µ—Ä—Å–∏—Ç–µ—Ç ,30,70,20,"—Å–∫–æ—Ä–µ–µ –¥–∞, —á–µ–º –Ω–µ—Ç;","–ú–Ω–æ–≥–æ –∏ –¥–æ—Å—Ç—É–ø–Ω–æ –æ–±—ä—è—Å–Ω—è–µ—Ç,  –Ω–æ –∏ –º–Ω–æ–≥–æ —Å–ø—Ä–∞—à–∏–≤–∞–µ—Ç",-,–ë–æ–ª—å—à–µ –ø—Ä–æ–≥—Ä–∞–º–º–∏—Ä–æ–≤–∞–Ω–∏—è),-,–û—Ç–¥—ã—Ö ,–¥–∞,"–∫–æ–Ω–µ—á–Ω–æ,  –Ω–µ—Ç",-,1,–ü—Ä–æ–≥—Ä–∞–º–º–Ω–∞—è –∏–Ω–∂–µ–Ω–µ—Ä–∏—è
02.11.2022 12:59:31,,"—Ç–µ—Ö–Ω–∏—á–µ—Å–∫–∏–µ —Å–ø–µ—Ü–∏–∞–ª—å–Ω–æ—Å—Ç–∏ - –µ–¥–∏–Ω—Å—Ç–≤–µ–Ω–Ω–æ–µ, —á—Ç–æ –ø–æ–∫–∞(!) –Ω–µ –æ—Å–∫–≤–µ—Ä–Ω–∏–ª–∞ –≥–æ—Å.–∏–¥–µ–æ–ª–æ–≥–∏—è - –µ—Å—Ç—å —à–∞–Ω—Å, —á—Ç–æ –Ω–∞—É—á–∞—Ç —á–µ–º—É-—Ç–æ, –∫—Ä–æ–º–µ –º–∞—Ä–∫—Å–∏–∑–º–∞-–ª–µ–Ω–∏–Ω–∏–∑–º–∞",—Å—Ä–µ–¥–Ω–µ,"Python, #C",—Å—Ä–µ–¥–Ω–µ,,—Å—Ä–µ–¥–Ω–µ,—Å—Ä–µ–¥–Ω–µ,—Å—Ä–µ–¥–Ω–µ,—Å–ª–æ–∂–Ω–æ,–∏–Ω —è–∑,–¥—Ä—É–≥–æ–º –≤—É–∑–æ–º,—É—à–µ–ª –æ—Ç—Ç—É–¥–∞ ,–æ—Ç 0 –¥–æ –±–µ–∑ –∫–æ–Ω–µ—á–Ω–æ—Å—Ç–µ–π,30 - 70,30 - 70,–∏ –¥–∞ –∏ –Ω–µ—Ç,"–ú–Ω–æ–≥–æ –∏ –¥–æ—Å—Ç—É–ø–Ω–æ –æ–±—ä—è—Å–Ω—è–µ—Ç,  –Ω–æ –∏ –º–Ω–æ–≥–æ —Å–ø—Ä–∞—à–∏–≤–∞–µ—Ç",–ø–æ–∫–∞ –Ω–µ –ø–æ–º–µ–Ω—è–ª–∞,"–±–æ–ª—å—à–µ –ø—Ä–∞–∫—Ç–∏–∫–∏, –±–æ–ª—å—à–µ –∫–æ–¥-—Ä–µ–≤—å—é",–º–µ–Ω—å—à–µ —Ä–∞–∑–≥–æ–≤–æ—Ä–æ–≤ –æ –≤–∞–∂–Ω–æ–º,well-paid job,–¥–∞,"–∫–æ–Ω–µ—á–Ω–æ,  –Ω–µ—Ç",—Å –≤–∞—Å —Ö–≤–∞—Ç–∏—Ç.,1,–ü—Ä–æ–≥—Ä–∞–º–º–Ω–∞—è –∏–Ω–∂–µ–Ω–µ—Ä–∏—è
02.11.2022 13:10:09,,–ú–Ω–µ –±—ã–ª–æ –∏–Ω—Ç–µ—Ä–µ—Å–Ω–æ –Ω–∞—É—á–∏—Ç—å—Å—è –ø—Ä–æ–≥—Ä–∞–º–º–∏—Ä–æ–≤–∞–Ω–∏—é. –¢–∞–∫–∂–µ –∏–º–µ—Ç—å –≤–æ–∑–º–æ–∂–Ω–æ—Å—Ç—å —Ä–∞–±–æ—Ç–∞—Ç—å —É–¥–∞–ª—ë–Ω–Ω–æ –≤ –¥–∞–ª—å–Ω–µ–π—à–µ–º ,—Å—Ä–µ–¥–Ω–µ,Pascal,—Å—Ä–µ–¥–Ω–µ,,—Å—Ä–µ–¥–Ω–µ,—Å—Ä–µ–¥–Ω–µ,—Å—Ä–µ–¥–Ω–µ,—Å—Ä–µ–¥–Ω–µ,"–†—É–∫–æ–¥–µ–ª–∏–µ,  —Ñ–∏–ª—å–º—ã","–†—É–∫–æ–¥–µ–ª–∏–µ, —Ñ–∏–ª—å–º—ã",–ú–æ–∏ —É–≤–ª–µ—á–µ–Ω–∏—è –Ω–µ –∏–∑–º–µ–Ω–∏–ª–∏—Å—å ,12,10,32,"—Å–∫–æ—Ä–µ–µ –¥–∞, —á–µ–º –Ω–µ—Ç;","–ú–Ω–æ–≥–æ –∏ –¥–æ—Å—Ç—É–ø–Ω–æ –æ–±—ä—è—Å–Ω—è–µ—Ç,  –Ω–æ –∏ –º–Ω–æ–≥–æ —Å–ø—Ä–∞—à–∏–≤–∞–µ—Ç",–Ø –Ω–µ –ø–æ–º–µ–Ω—è–ª–∞ –ø—Ä–µ–¥—Å—Ç–∞–≤–ª–µ–Ω–∏–µ,–ë–æ–ª—å—à–µ –ø—Ä–∞–∫—Ç–∏–∫–æ–≤–∞—Ç—å—Å—è —Å–∞–º–æ—Å—Ç–æ—è—Ç–µ–ª—å–Ω–æ ,–ù–∏—á–µ–≥–æ ,"–£–≤–µ—Ä–µ–Ω–Ω–æ—Å—Ç—å, —á—Ç–æ —è —Å–º–æ–≥—É –Ω–∞–π—Ç–∏ –¥–æ—Å—Ç–æ–π–Ω—É—é —Ä–∞–±–æ—Ç—É –∏ —Å—Ç–∞—Ç—å —Ö–æ—Ä–æ—à–∏–º —Å–ø–µ—Ü–∏–∞–ª–∏—Å—Ç–æ–º",–¥–∞,"–∫–æ–Ω–µ—á–Ω–æ,  –Ω–µ—Ç",,1,–ü—Ä–æ–≥—Ä–∞–º–º–Ω–∞—è –∏–Ω–∂–µ–Ω–µ—Ä–∏—è
02.11.2022 13:12:59,,–≠—Ç–æ –≤–æ—Å—Ç—Ä–µ–±–æ–≤–∞–Ω–Ω–∞—è –∏–Ω—Ç–µ—Ä–µ—Å–Ω–∞—è –∏ —Ö–æ—Ä–æ—à–æ –æ–ø–ª–∞—á–∏–≤–∞–µ–º–∞—è –ø—Ä–æ—Ñ–µ—Å—Å–∏—è ,—Å—Ä–µ–¥–Ω–µ,–ü–∞—Å–∫–∞–ª—å,—Å—Ä–µ–¥–Ω–µ,,–ª–µ–≥–∫–æ,–ª–µ–≥–∫–æ,–ª–µ–≥–∫–æ,–ª–µ–≥–∫–æ,–°–ø–æ—Ä—Ç ,–ë–∞—Å–∫–µ—Ç–±–æ–ª,–ù–µ –ø–æ–º–µ–Ω—è–ª–∏—Å—å ,–ö–∞–∂–¥—ã–π –¥–µ–Ω—å –æ–∫–æ–ª–æ 5-6 —á–∞—Å–æ–≤,–ë–æ–ª—å—à—É—é —á–∞—Å—Ç—å —Å–≤–æ–µ–≥–æ –≤—Ä–µ–º–µ–Ω–∏,20,–∏ –¥–∞ –∏ –Ω–µ—Ç,"–ú–Ω–æ–≥–æ –∏ –¥–æ—Å—Ç—É–ø–Ω–æ –æ–±—ä—è—Å–Ω—è–µ—Ç,  –Ω–æ –∏ –º–Ω–æ–≥–æ —Å–ø—Ä–∞—à–∏–≤–∞–µ—Ç",–ù–µ –ø–æ–º–µ–Ω—è–ª ,–ù–µ —Ö–æ—á—É –º–µ–Ω—è—Ç—å,–ù–µ –∏–∑–º–µ–Ω–∏–ª –±—ã –Ω–∏—á–µ–≥–æ,–î–µ–Ω—å–≥–∏ ,–¥–∞,–∂–¥—É-–Ω–µ –¥–æ–∂–¥—É—Å—å,,1,–ò–í–¢
02.11.2022 13:13:57,,–≠—Ç–æ –ø—Ä–æ—Ñ–µ—Å—Å–∏—è –±—É–¥—É—â–µ–≥–æ ,—Å—Ä–µ–¥–Ω–µ,"Python, pascal",–ª–µ–≥–∫–æ,,—Å—Ä–µ–¥–Ω–µ,—Å–ª–æ–∂–Ω–æ,—Å—Ä–µ–¥–Ω–µ,—Å—Ä–µ–¥–Ω–µ,–ü—Ä–æ–≥—Ä–∞–º–º–∏—Ä–æ–≤–∞–Ω–∏–µ,"–†–∞–∑–Ω—ã–º–∏ —Ö–æ–±–±–∏, –∏–Ω—Ñ–æ—Ä–º–∞—Ç–∏–∫–æ–π ",–Ø —ã–æ—Å—Ç—É–ø–∏–ª–∞ –Ω–∞ –∏–≤—Ç),20,50,20,"—Å–∫–æ—Ä–µ–µ –¥–∞, —á–µ–º –Ω–µ—Ç;","–î–∞–µ—Ç –º–∞–ª–æ, –Ω–æ –∏ —Å–ø—Ä–∞—à–∏–≤–∞–µ—Ç –Ω–µ–º–Ω–æ–≥–æ",–ù–µ –ø–æ–º–µ–Ω—è–ª–∞,–í—Å–µ –Ω–∞–π—Å,–ë–æ–ª–µ–µ –ø–æ–¥—Ä–æ–±–Ω–æ,–°–∞–º–æ—Å—Ç–æ—è—Ç–µ–ª—å–Ω–æ–µ –∏–∑—É—á–µ–Ω–∏–µ,–¥–∞,"–∫–æ–Ω–µ—á–Ω–æ,  –Ω–µ—Ç",–Ø –∫–æ—Ç–∏–∫ ü•∫,1,–ò–í–¢
02.11.2022 13:14:02,,–Ø —Ç–∞–∫ –∑–∞—Ö–æ—Ç–µ–ª ,—Å—Ä–µ–¥–Ω–µ,C++,—Å—Ä–µ–¥–Ω–µ,,–ª–µ–≥–∫–æ,—Å—Ä–µ–¥–Ω–µ,–ª–µ–≥–∫–æ,–ª–µ–≥–∫–æ,–ü–∏—Ç—å –ø–∏–≤–æ,–ü–∏–≤–æ–º,–û–Ω–∏ –Ω–µ –∏–∑–º–µ–Ω–∏–ª–∏—Å—å,–ü—Ä–∏–ª–∏—á–Ω–æ–µ ,30,–ü—Ä–∏–ª–∏—á–Ω–æ–µ,"—Å–∫–æ—Ä–µ–µ –¥–∞, —á–µ–º –Ω–µ—Ç;","–î–∞–µ—Ç –º–∞–ª–æ, –Ω–æ –∏ —Å–ø—Ä–∞—à–∏–≤–∞–µ—Ç –Ω–µ–º–Ω–æ–≥–æ",–Ø –Ω–µ –ø–æ–º–µ–Ω—è–ª –ø—Ä–µ–¥—Å—Ç–∞–≤–ª–µ–Ω–∏–µ,–ú–µ–Ω—è –≤—Å–µ —É—Å—Ç—Ä–∞–∏–≤–∞–µ—Ç,–ë–æ–ª—å—à–µ –∫–æ–Ω–∫—Ä–µ—Ç–∏–∫–∏ –≤ –ª–µ–∫—Ü–∏–æ–Ω–Ω–æ–º –º–∞—Ç–µ—Ä–∏–∞–ª–µ,–ò–Ω—Ç–µ—Ä–µ—Å–Ω–∞—è —Ä–∞–±–æ—Ç–∞ –∏ –ø—Ä–∏–µ–º–ª–µ–º–∞—è –∑–ø,–¥–∞,"–∫–æ–Ω–µ—á–Ω–æ,  –Ω–µ—Ç",,1,–ò–í–¢
02.11.2022 13:17:36,,–ó–∞—Ö–æ—Ç–µ–ª–æ—Å—å,—Å—Ä–µ–¥–Ω–µ,Python,—Å—Ä–µ–¥–Ω–µ,,—Å—Ä–µ–¥–Ω–µ,—Å—Ä–µ–¥–Ω–µ,—Å—Ä–µ–¥–Ω–µ,—Å–ª–æ–∂–Ω–æ,–£—á—ë–±–∞,–ò–≥—Ä–∞–º–∏,–ó–∞—Ö–æ—Ç–µ–ª–∏ ,40,80,20,"—Å–∫–æ—Ä–µ–µ –¥–∞, —á–µ–º –Ω–µ—Ç;","–ú–Ω–æ–≥–æ –∏ –¥–æ—Å—Ç—É–ø–Ω–æ –æ–±—ä—è—Å–Ω—è–µ—Ç,  –Ω–æ –∏ –º–Ω–æ–≥–æ —Å–ø—Ä–∞—à–∏–≤–∞–µ—Ç",–ú—ã —Ñ–∏–ª–æ—Å–æ—Ñ—ã –∏ –∏—Å—Ç–æ—Ä–∏–∫–∏ –∏ —Å–ø–æ—Ä—Ç—Å–º–µ–Ω—ã,–ù–∏—á–µ–≥–æ,–í—Å—ë,–†–µ–∑—É–ª—å—Ç–∞—Ç ,–¥–∞,"–∫–æ–Ω–µ—á–Ω–æ,  –Ω–µ—Ç",–ù–µ—Ç,1,–ò–í–¢
02.11.2022 13:17:52,,–•–æ—á—É –±—ã—Ç—å –ø—Ä–æ–≥—Ä–∞–º–º–∏—Å—Ç–æ–º,–ª–µ–≥–∫–æ,–î–∞,–ª–µ–≥–∫–æ,,–ª–µ–≥–∫–æ,–ª–µ–≥–∫–æ,—Å–ª–æ–∂–Ω–æ,—Å–ª–æ–∂–Ω–æ,–ü—Ä–æ–≥—Ä–∞–º–º–∏—Ä—É—é,–ü—Ä–æ–≥—Ä–∞–º–º–∏—Ä–æ–≤–∞–Ω–∏–µ–º,(–ù–µ –∏–∑–º–µ–Ω–∏–ª–∏—Å—å) ,30,17.9,138,"—Å–∫–æ—Ä–µ–µ –¥–∞, —á–µ–º –Ω–µ—Ç;","–î–∞–µ—Ç –º–∞–ª–æ, –Ω–æ –∏ —Å–ø—Ä–∞—à–∏–≤–∞–µ—Ç –Ω–µ–º–Ω–æ–≥–æ",–Ø –µ—â—ë –Ω–µ –∑–∞–∫–æ–Ω—á–∏–ª –í–£–ó,–û–û–ü –∏–∑—É—á–∏—Ç—å,–£–ø–æ—Ä—Å—Ç–≤–æ –≤ –∏–∑—É—á–µ–Ω–∏–∏,–†–æ–ª–ª—ã –ø–æ –≤—ã—Ö–æ–¥–Ω—ã–º,–¥–∞,"–∫–æ–Ω–µ—á–Ω–æ,  –Ω–µ—Ç",,1,–ò–í–¢
02.11.2022 13:21:18,,–±—ã–ª –∏–Ω—Ç–µ—Ä–µ—Å —Å–æ —à–∫–æ–ª—ã,—Å—Ä–µ–¥–Ω–µ,–¥–∞,—Å—Ä–µ–¥–Ω–µ,,—Å–ª–æ–∂–Ω–æ,—Å—Ä–µ–¥–Ω–µ,—Å—Ä–µ–¥–Ω–µ,—Å–ª–æ–∂–Ω–æ,–ø—Ä–æ–≥—Ä–∞–º–º–∏—Ä–æ–≤–∞–Ω–∏–µ,–ø—Ä–æ–≥—Ä–∞–º–º–∏—Ä–æ–≤–∞–Ω–∏–µ–º,–Ω–µ –∏–∑–º–µ–Ω–∏–ª–∏—Å—å,45,28,124,"—Å–∫–æ—Ä–µ–µ –¥–∞, —á–µ–º –Ω–µ—Ç;","–ú–Ω–æ–≥–æ –∏ –¥–æ—Å—Ç—É–ø–Ω–æ –æ–±—ä—è—Å–Ω—è–µ—Ç,  –Ω–æ –∏ –º–Ω–æ–≥–æ —Å–ø—Ä–∞—à–∏–≤–∞–µ—Ç",–Ω–µ –ø–æ–º–µ–Ω—è–ª–∞,–±–æ–ª—å—à–µ –∏–∑—É—á–µ–Ω–∏—è –∏–Ω—Ñ–æ—Ä–º–∞—Ü–∏–æ–Ω–Ω—ã—Ö —Ç–µ—Ö–Ω–æ–ª–æ–≥–∏–π ,–Ω–∏—á–µ–≥–æ,–ø—Ä–æ—Ñ–µ—Å—Å–∏–æ–Ω–∞–ª—å–Ω—ã–µ –¥–æ—Å—Ç–∏–∂–µ–Ω–∏—è,–¥–∞,"–∫–æ–Ω–µ—á–Ω–æ,  –Ω–µ—Ç",–Ω–µ—Ç,1,–ò–í–¢
02.11.2022 13:51:24,,–í—Å–µ–≥–¥–∞ –±—ã–ª–∞ –∏–Ω—Ç–µ—Ä–µ—Å–Ω–∞ –∏—Ö –¥–µ—è—Ç–µ–ª—å–Ω–æ—Å—Ç—å ,—Å–ª–æ–∂–Ω–æ,–Ω–µ –∑–Ω–∞–ª–∞,—Å—Ä–µ–¥–Ω–µ,,—Å—Ä–µ–¥–Ω–µ,—Å—Ä–µ–¥–Ω–µ,—Å–ª–æ–∂–Ω–æ,—Å—Ä–µ–¥–Ω–µ,–±–∞—Å–∫–µ—Ç–±–æ–ª ,–±–∞—Å–∫–µ—Ç–±–æ–ª,–Ω–µ –∏–∑–º–µ–Ω–∏–ª–∏—Å—å,30-35,70,50,"—Å–∫–æ—Ä–µ–µ –¥–∞, —á–µ–º –Ω–µ—Ç;","–ú–Ω–æ–≥–æ –∏ –¥–æ—Å—Ç—É–ø–Ω–æ –æ–±—ä—è—Å–Ω—è–µ—Ç,  –Ω–æ –∏ –º–Ω–æ–≥–æ —Å–ø—Ä–∞—à–∏–≤–∞–µ—Ç",–µ—â—ë –Ω–µ –∑–∞–∫–æ–Ω—á–∏–ª–∞ –æ–±—É—á–µ–Ω–∏–µ,–Ω–∏—á–µ–≥–æ,–Ω–∏—á–µ–≥–æ,–≤–æ—Å—Ç—Ä–µ–±–æ–≤–∞–Ω–Ω–æ—Å—Ç—å –ø—Ä–æ—Ñ–µ—Å—Å–∏–∏,–¥–∞,–Ω–µ –∑–Ω–∞—é,,1,–ò–í–¢
02.11.2022 14:34:01,,–Ø –ø–æ–ª—É—á–∏–ª –ø—Ä–æ—Ñ–∏–ª—å–Ω—É—é —Å–ø–µ—Ü–∏–∞–ª—å–Ω–æ—Å—Ç—å –≤ —Ç–µ—Ö–Ω–∏–∫—É–º–µ,—Å—Ä–µ–¥–Ω–µ,"–ö—É–ú–∏—Ä, Pascal, C#, Php, Java",–ª–µ–≥–∫–æ,,–ª–µ–≥–∫–æ,—Å–ª–æ–∂–Ω–æ,—Å—Ä–µ–¥–Ω–µ,—Å–ª–æ–∂–Ω–æ,–£—á–µ–±–∞,–ü—Ä–æ–≥—Ä–∞–º–º–∏—Ä–æ–≤–∞–Ω–∏—é,–Ø —É—á—É—Å—å ,–ó–∞–Ω—è—Ç–∏—è –∏ –ø–æ–¥–≥–æ—Ç–æ–≤–∫–∞ –¥–æ–º–∞,>=70%,20,"—Å–∫–æ—Ä–µ–µ –¥–∞, —á–µ–º –Ω–µ—Ç;","–ú–Ω–æ–≥–æ –∏ –¥–æ—Å—Ç—É–ø–Ω–æ –æ–±—ä—è—Å–Ω—è–µ—Ç,  –Ω–æ –∏ –º–Ω–æ–≥–æ —Å–ø—Ä–∞—à–∏–≤–∞–µ—Ç",–ï—â—ë –Ω–µ –¥–æ—É—á–∏–ª—Å—è,–ù–∞ –¥–∞–Ω–Ω—ã–π –º–æ–º–µ–Ω—Ç –Ω–∏—á–µ–≥–æ,–ù–∏—á–µ–≥–æ,"–ó–Ω–∞–Ω–∏—è, –∏ –∂–µ–ª–∞—Ç–µ–ª—å–Ω–æ, –ø—Ä–∞–∫—Ç–∏—á–µ—Å–∫–∏–π –æ–ø—ã—Ç –≤ –ø—Ä–æ–µ–∫—Ç–Ω–æ–π –¥–µ—è—Ç–µ–ª—å–Ω–æ—Å—Ç–∏ ",–¥–∞,"–∫–æ–Ω–µ—á–Ω–æ,  –Ω–µ—Ç",,1,–ò–í–¢
02.11.2022 15:11:57,,–ú–Ω–µ —ç—Ç–æ –∏–Ω—Ç–µ—Ä–µ—Å–Ω–æ,—Å–ª–æ–∂–Ω–æ,–ù–µ —É–º–µ–ª,—Å—Ä–µ–¥–Ω–µ,,—Å–ª–æ–∂–Ω–æ,—Å—Ä–µ–¥–Ω–µ,—Å—Ä–µ–¥–Ω–µ,–ª–µ–≥–∫–æ,–ú–∞—Ç–∞–Ω,–§–∏–∑–∏–∫–æ–π,–Ø –ø–æ—Å—Ç—É–ø–∏–ª –Ω–∞ –ø—Ä–æ–≥—Ä–∞–º–º–Ω–æ–≥–æ –∏–Ω–∂–µ–Ω–µ—Ä–∞,70,42,98,–∏ –¥–∞ –∏ –Ω–µ—Ç,"–ú–Ω–æ–≥–æ –∏ –¥–æ—Å—Ç—É–ø–Ω–æ –æ–±—ä—è—Å–Ω—è–µ—Ç,  –Ω–æ –∏ –º–Ω–æ–≥–æ —Å–ø—Ä–∞—à–∏–≤–∞–µ—Ç",-,-,-,–ò–Ω—Ç–µ—Ä–µ—Å –∫ –ø—Ä–æ–≥—Ä–∞–º–º–∏—Ä–æ–≤–∞–Ω–∏—é ,–¥–∞,"–∫–æ–Ω–µ—á–Ω–æ,  –Ω–µ—Ç",–í—Å–µ –ø—Ä–∏–∫–æ–ª—å–Ω–æ. –£—á–∏—Ç—å—Å—è –Ω—Ä–∞–≤–∏—Ç—Å—è,1,–ü—Ä–æ–≥—Ä–∞–º–º–Ω–∞—è –∏–Ω–∂–µ–Ω–µ—Ä–∏—è
31.10.2022 16:57:47,,–Ø —Ö–æ—á—É –±—ã—Ç—å –ø—Ä–æ–≥—Ä–∞–º–º–∏—Å—Ç–æ–º,–ª–µ–≥–∫–æ,–î–∞,–ª–µ–≥–∫–æ,,—Å—Ä–µ–¥–Ω–µ,—Å—Ä–µ–¥–Ω–µ,—Å—Ä–µ–¥–Ω–µ,—Å—Ä–µ–¥–Ω–µ,–ü—Ä–æ–≥—Ä–∞–º–º–∏—Ä–æ–≤–∞–Ω–∏–µ ,–ü—Ä–æ–≥—Ä–∞–º–º–∏—Ä–æ–≤–∞–Ω–∏–µ–º,–ù–µ –∏–∑–º–µ–Ω–∏–ª–∏—Å—å,60,80,20,"—Å–∫–æ—Ä–µ–µ –¥–∞, —á–µ–º –Ω–µ—Ç;","–ú–Ω–æ–≥–æ –∏ –¥–æ—Å—Ç—É–ø–Ω–æ –æ–±—ä—è—Å–Ω—è–µ—Ç,  –Ω–æ –∏ –º–Ω–æ–≥–æ —Å–ø—Ä–∞—à–∏–≤–∞–µ—Ç",–ù–µ –ø–æ–º–µ–Ω—è–ª,–ë–æ–ª—å—à–µ –ø—Ä–∞–∫—Ç–∏—á–µ—Å–∫–∏—Ö –∑–∞–Ω—è—Ç–∏–π,–ú–µ–Ω—å—à–µ –Ω–µ–ø—Ä–æ—Ñ–µ—Å—Å–∏–æ–Ω–∞–ª—å–Ω—ã—Ö –¥–∏—Å—Ü–∏–ø–ª–∏–Ω,–ù–µ—Ç –∫–æ–º–ø–µ–Ω—Å–∞—Ü–∏–∏,–¥–∞,–Ω–µ –∑–Ω–∞—é,–ù–µ—Ç,2,–ü—Ä–æ–≥—Ä–∞–º–º–Ω–∞—è –∏–Ω–∂–µ–Ω–µ—Ä–∏—è
31.10.2022 16:58:02,,–ú–Ω–µ —ç—Ç–æ –∏–Ω—Ç–µ—Ä–µ—Å–Ω–æ,—Å—Ä–µ–¥–Ω–µ,Python,—Å—Ä–µ–¥–Ω–µ,,—Å–ª–æ–∂–Ω–æ,—Å—Ä–µ–¥–Ω–µ,—Å—Ä–µ–¥–Ω–µ,—Å—Ä–µ–¥–Ω–µ,–°–ø–ê—Ç—å,–°–ø–∞—Ç—å,–ú–Ω–æ–≥–æ —Ä–∞–±–æ—Ç–∞—Ç—å,61320,1000,1000,"—Å–∫–æ—Ä–µ–µ –¥–∞, —á–µ–º –Ω–µ—Ç;","–ú–Ω–æ–≥–æ –∏ –¥–æ—Å—Ç—É–ø–Ω–æ –æ–±—ä—è—Å–Ω—è–µ—Ç,  –Ω–æ –∏ –º–Ω–æ–≥–æ —Å–ø—Ä–∞—à–∏–≤–∞–µ—Ç",–¢–ï—Å—Ç–æ–≤ –Ω—É–∂–Ω–æ –º–Ω–æ–≥–æ,–±–æ–ª—å—à–µ —Å–ø–∞—Ç—å,—É–±—Ä–∞—Ç—å –∞—Ä—Ö–≤—Å,–≤—ã—Å–æ–∫–∏–π –±–∞–ª–ª,–¥–∞,–∂–¥—É-–Ω–µ –¥–æ–∂–¥—É—Å—å,–ù–ï—Ç:/,2,–ü—Ä–æ–≥—Ä–∞–º–º–Ω–∞—è –∏–Ω–∂–µ–Ω–µ—Ä–∏—è
31.10.2022 17:08:29,,"–í—Å–µ–≥–¥–∞ –±–æ–ª—å—à–µ –Ω—Ä–∞–≤–∏–ª–∏—Å—å —Ç–µ—Ö–Ω–∏—á–µ—Å–∫–∏–µ –ø—Ä–µ–¥–º–µ—Ç—ã, –∞ –ø—Ä–æ–≥—Ä–∞–º–º–∏—Ä–æ–≤–∞–Ω–∏–µ - –∞–∫—Ç—É–∞–ª—å–Ω–æ ",—Å—Ä–µ–¥–Ω–µ,C#,—Å—Ä–µ–¥–Ω–µ,,—Å—Ä–µ–¥–Ω–µ,—Å—Ä–µ–¥–Ω–µ,—Å–ª–æ–∂–Ω–æ,—Å–ª–æ–∂–Ω–æ,"–ò–∑—É—á–µ–Ω–∏–µ –∏–Ω–æ—Å—Ç—Ä–∞–Ω–Ω—ã—Ö —è–∑—ã–∫–æ–≤, —á—Ç–µ–Ω–∏–µ, —Å–ø–æ—Ä—Ç ",–ü–æ–¥–≥–æ—Ç–æ–≤–∫–æ–π –∫ –ï–ì–≠,"–ü–æ–º–µ–Ω—è–ª–æ—Å—å –æ–∫—Ä—É–∂–µ–Ω–∏–µ, –∏–Ω—Ç–µ—Ä–µ—Å—ã –∏ —Ü–µ–ª–∏ ",49,80,119,–∏ –¥–∞ –∏ –Ω–µ—Ç,"–î–∞–µ—Ç –º–∞–ª–æ, –Ω–æ –∏ —Å–ø—Ä–∞—à–∏–≤–∞–µ—Ç –Ω–µ–º–Ω–æ–≥–æ","–≠—Ç–∞ –ø—Ä–æ—Ñ–µ—Å—Å–∏—è —ç—Ç–æ –Ω–µ—Å–∫–æ–ª—å–∫–æ —Å–ª–æ–∂–Ω–µ–µ, —á–µ–º –ø—Ä–µ–¥—Å—Ç–∞–≤–ª—è–ª–æ—Å—å ",–ú–µ–Ω—å—à–µ –Ω–µ—Å–≤—è–∑–∞–Ω–Ω—ã—Ö —Å –ø—Ä–æ–≥—Ä–∞–º–º–∏—Ä–æ–≤–∞–Ω–∏–µ–º –ø—Ä–µ–¥–º–µ—Ç–æ–≤,"–ë–æ–ª–µ–µ –ø—Ä–æ—Å—Ç–æ–µ –∏ –ø–æ–Ω—è—Ç–Ω–æ–µ –æ–±—ä—è—Å–Ω–µ–Ω–∏–µ –¥–∏—Å—Ü–∏–ø–ª–∏–Ω, –∫–æ—Ç–æ—Ä—ã–µ —Å–≤—è–∑–∞–Ω—ã —Å –Ω–∏–∑–∫–æ—É—Ä–æ–≤–Ω–µ–≤—ã–º–∏ —è–∑—ã–∫–∞–º–∏ –∏ –≤–Ω—É—Ç—Ä–µ–Ω–Ω–∏–º —É—Å—Ç—Ä–æ–π—Å—Ç–≤–æ–º ",–î–∏–ø–ª–æ–º –∏–Ω–∂–µ–Ω–µ—Ä–∞,"–Ω–µ—Ç, –Ω–æ –≤—ã–±–µ—Ä—É —Å–º–µ–∂–Ω—É—é –ø—Ä–æ—Ñ–µ—Å—Å–∏—é","–∫–æ–Ω–µ—á–Ω–æ,  –Ω–µ—Ç",,2,–ü—Ä–æ–≥—Ä–∞–º–º–Ω–∞—è –∏–Ω–∂–µ–Ω–µ—Ä–∏—è
01.11.2022 14:48:08,,–•–æ—Ç–µ–ª –ø–∏—Å–∞—Ç—å –ø—Ä–æ–≥—Ä–∞–º–º—ã,—Å—Ä–µ–¥–Ω–µ,"Python, C++",—Å—Ä–µ–¥–Ω–µ,,—Å—Ä–µ–¥–Ω–µ,—Å—Ä–µ–¥–Ω–µ,—Å–ª–æ–∂–Ω–æ,–ª–µ–≥–∫–æ,–ù–µ—Ç—É,–ë–∞—Å–∫–µ—Ç–±–æ–ª,–í—Ä–µ–º—è —É—Ö–æ–¥–∏—Ç –Ω–∞ —É—á–µ–±—É –∏ –¥–æ—Ä–æ–≥—É,35,1/3,45,"—Å–∫–æ—Ä–µ–µ –¥–∞, —á–µ–º –Ω–µ—Ç;","–ú–Ω–æ–≥–æ –∏ –¥–æ—Å—Ç—É–ø–Ω–æ –æ–±—ä—è—Å–Ω—è–µ—Ç,  –Ω–æ –∏ –º–Ω–æ–≥–æ —Å–ø—Ä–∞—à–∏–≤–∞–µ—Ç","–¢–æ–ª—å–∫–æ–º –Ω–µ –∏–∑–º–µ–Ω–∏–ª–æ—Å—å –Ω–∏—á–µ–≥–æ, —Ç.–∫. –ø—Ä–æ–≥—Ä–∞–º–º–∏—Ä–æ–≤–∞–Ω–∏–µ, –∫–∞–∫ –ø—Ä–æ—Ñ–µ—Å—Å–∏—é –µ—â—ë –Ω–µ –∑–∞—Ç—Ä–∞–≥–∏–≤–∞–ª–∏ ",–£–º–µ–Ω—å—à–µ–Ω–∏–µ –¥–∏—Å—Ü–∏–ø–ª–∏–Ω –Ω–µ —Å–≤—è–∑–∞–Ω–Ω—ã—Ö —Å –ø—Ä–æ–≥—Ä–∞–º–º–∏—Ä–æ–≤–∞–Ω–∏–µ–º ,–ù–∏—á–µ–≥–æ,–°—Ç–µ–ø–µ–Ω–¥–∏—è 3600,–¥–∞,"–ö—Ç–æ —Å–µ–π—á–∞—Å —Ö–æ—á–µ—Ç –≤ –∞—Ä–º–∏—é, –∫–æ–Ω–µ—á–Ω–æ, –Ω–µ—Ç",,2,–ü—Ä–æ–≥—Ä–∞–º–º–Ω–∞—è –∏–Ω–∂–µ–Ω–µ—Ä–∏—è
01.11.2022 21:20:08,,"–ò–Ω—Ç–µ—Ä–µ—Å–Ω–æ –ø—Ä–æ–≥—Ä–∞–º–º–∏—Ä–æ–≤–∞–Ω–∏–µ, –∫–æ–º–ø—å—é—Ç–µ—Ä—ã",—Å—Ä–µ–¥–Ω–µ,Pascal,—Å–ª–æ–∂–Ω–æ,,—Å–ª–æ–∂–Ω–æ,—Å—Ä–µ–¥–Ω–µ,—Å—Ä–µ–¥–Ω–µ,–ª–µ–≥–∫–æ,"–ü—Ä–æ–≥—Ä–∞–º–º–∏—Ä–æ–≤–∞–Ω–∏–µ, –∫–æ–º–ø—å—é—Ç–µ—Ä–Ω—ã–µ –∏–≥—Ä—ã, –∑–∞–Ω—è—Ç–∏—è —Å–ø–æ—Ä—Ç–æ–º",–ú–µ–Ω—å—à–µ —É—á–µ–±–æ–π,–í —É–Ω–∏–≤–µ—Ä—Å–∏—Ç–µ—Ç–µ —Ç—Ä–µ–±—É—é—Ç –º–Ω–æ–≥–æ –±–µ—Å–ø–æ–ª–µ–∑–Ω–æ–≥–æ,~50,–û–∫–æ–ª–æ 50% —Å–≤–æ–±–æ–¥–Ω–æ–≥–æ –≤—Ä–µ–º–µ–Ω–∏,–û—Å—Ç–∞–≤—à–µ–µ—Å—è –∫–æ–ª–∏—á–µ—Å—Ç–≤–æ –≤—Ä–µ–º–µ–Ω–∏,–∏ –¥–∞ –∏ –Ω–µ—Ç,"–ú–Ω–æ–≥–æ –∏ –¥–æ—Å—Ç—É–ø–Ω–æ –æ–±—ä—è—Å–Ω—è–µ—Ç,  –Ω–æ –∏ –º–Ω–æ–≥–æ —Å–ø—Ä–∞—à–∏–≤–∞–µ—Ç",–ü—Ä–æ—Ü–µ—Å—Å –æ–±—É—á–µ–Ω–∏—è –Ω–∏–∫–æ–≥–¥–∞ –Ω–µ –∑–∞–∫–∞–Ω—á–∏–≤–∞–µ—Ç—Å—è,"–û–±—Ä—É—á–∏—Ç—å—Å—è —Å–Ω–∞—á–∞–ª–∞ —è–∑—ã–∫—É, –æ—Ç –∏ –¥–æ, —É–∂–µ –ø–æ—Ç–æ–º –¥—Ä—É–≥–∏–µ –∞—Å–ø–µ–∫—Ç—ã, —Ç–µ—Å—Ç–∏—Ä–æ–≤–∞–Ω–∏–µ –∏ —Ç–¥ ","–£–±—Ä–∞—Ç—å –Ω–µ–Ω—É–∂–Ω—ã–µ –¥–∏—Å—Ü–∏–ø–ª–∏–Ω—ã, –Ω–µ —Å–≤—è–∑–∞–Ω–Ω—ã–µ —Å –ø—Ä–æ–≥—Ä–∞–º–º–∏—Ä–æ–≤–∞–Ω–∏–µ–º –∏ –∫–æ—Å–≤–µ–Ω–Ω–æ —Å–≤—è–∑–∞–Ω–Ω—ã–µ (–º–∞—Ç–µ–º–∞—Ç–∏–∫–∞, —Ñ–∏–∑–∏–∫–∞);  —É—á–µ–±–Ω–æ–µ –≤—Ä–µ–º—è –ø—Ä–µ–¥–º–µ—Ç–æ–≤, —Å–≤—è–∑–∞–Ω–Ω—ã—Ö —Å –∂–µ–ª–µ–∑–æ–º, –ª–∏–±–æ –ø—Ä–∏–≤–µ—Å—Ç–∏ –∫ –º–∏–Ω–∏–º—É–º—É, –ª–∏–±–æ –≤–æ–≤—Å–µ —É–±—Ä–∞—Ç—å",–≤—ã—Å–æ–∫–∏–π –ø–æ—Ç–µ–Ω—Ü–∏–∞–ª –≤ –ø–æ–∏—Å–∫–µ —Ä–∞–±–æ—Ç—ã ,–¥–∞,–•–æ—á—É –∑–∞–∫—Ä—ã—Ç—å –Ω–µ–Ω—É–∂–Ω—ã–µ –ø—Ä–æ–≥—Ä–∞–º–º–∏—Å—Ç—ã –ø—Ä–µ–¥–º–µ—Ç—ã –Ω–∞ 4))),"–£–±—Ä–∞—Ç—å –º—É—Å–æ—Ä–Ω—ã–µ –ø—Ä–µ–¥–º–µ—Ç—ã, –¥–æ–±–∞–≤–∏—Ç—å –±–æ–ª—å—à–µ –ø—Ä–∞–∫—Ç–∏–∫–∏ –∏ –≤—ã–¥–∞–≤–∞—Ç—å –∑–∞–¥–∞–Ω–∏—è —Å–æ–æ—Ç–≤–µ—Ç—Å—Ç–≤–µ–Ω–Ω–æ —É—Ä–æ–≤–Ω—é –∑–Ω–∞–Ω–∏–π —Å—Ç—É–¥–µ–Ω—Ç–∞, –∏ —Ç–æ–≥–¥–∞ –ø–æ–ª–∏—Ç–µ—Ö —Å—Ç–∞–Ω–µ—Ç –ø–æ—Ö–æ–∂–∏–º –Ω–∞ –ø–æ–ª–∏—Ç–µ—Ö",2,–ü—Ä–æ–≥—Ä–∞–º–º–Ω–∞—è –∏–Ω–∂–µ–Ω–µ—Ä–∏—è
01.11.2022 23:14:42,,–ª—é–±–ª—é –∫–æ–º–ø—å—é—Ç–µ—Ä—ã,–ª–µ–≥–∫–æ,"Python, Java",—Å—Ä–µ–¥–Ω–µ,,—Å—Ä–µ–¥–Ω–µ,—Å–ª–æ–∂–Ω–æ,—Å—Ä–µ–¥–Ω–µ,—Å–ª–æ–∂–Ω–æ,—É—á–µ–±–∞,"–ø—Ä–æ–≥—Ä–∞–º–º–∏—Ä–æ–≤–∞–Ω–∏–µ, —à–∫–æ–ª–∞",–ø–æ—Å—Ç—É–ø–∏–ª –≤ –≤—É–∑,42,90,14,"—Å–∫–æ—Ä–µ–µ –¥–∞, —á–µ–º –Ω–µ—Ç;","–ú–Ω–æ–≥–æ –∏ –¥–æ—Å—Ç—É–ø–Ω–æ –æ–±—ä—è—Å–Ω—è–µ—Ç,  –Ω–æ –∏ –º–Ω–æ–≥–æ —Å–ø—Ä–∞—à–∏–≤–∞–µ—Ç",–Ω–µ –ø–æ–º–µ–Ω—è–ª,–Ω–∏—á–µ–≥–æ,–Ω–∏—á–µ–≥–æ,–∑–Ω–∞–Ω–∏—è –∏ –æ–ø—ã—Ç ,–¥–∞,"–∫–æ–Ω–µ—á–Ω–æ,  –Ω–µ—Ç",,2,–ü—Ä–æ–≥—Ä–∞–º–º–Ω–∞—è –∏–Ω–∂–µ–Ω–µ—Ä–∏—è
31.10.2022 11:57:12,,–ú–Ω–µ ,—Å—Ä–µ–¥–Ω–µ,–Ω–µ—Ç,—Å–ª–æ–∂–Ω–æ,,–ª–µ–≥–∫–æ,—Å—Ä–µ–¥–Ω–µ,—Å–ª–æ–∂–Ω–æ,—Å—Ä–µ–¥–Ω–µ,–†—ã–±–∞–ª–∫–∞ –∏ –º—É–∑—ã–∫–∞,–ò–≥—Ä–∞–º–∏,–Ø —É—Å—Ç–∞–ª,–æ–∫–æ–ª–æ 24,20-30%,100,–∏ –¥–∞ –∏ –Ω–µ—Ç,"–î–∞–µ—Ç –º–∞–ª–æ, –Ω–æ –∏ —Å–ø—Ä–∞—à–∏–≤–∞–µ—Ç –Ω–µ–º–Ω–æ–≥–æ",–≤—Å–µ –∫—É–¥–∞ —Å–ª–æ–∂–Ω–µ–µ —á–µ–º —Ö–æ—Ç–µ–ª–æ—Å—å –±—ã,"–º–µ–Ω—å—à–µ —Ç–µ–æ—Ä–∏–∏, –±–æ–ª—å—à–µ –õ–Å–ì–ö–û–ô –ø—Ä–∞–∫—Ç–∏–∫–∏",–í–æ–∑–º–æ–∂–Ω–æ—Å—Ç—å –∞–≤—Ç–æ–º–∞—Ç–æ–≤ –ø–æ –≤—Å–µ–º –ø—Ä–µ–¥–º–µ—Ç–∞–º,–í—Ä–µ–º—è –Ω–∞ —Ä–∞–∑–¥—É–º—å—è,–Ω–µ –∑–Ω–∞—é,–∂–¥—É-–Ω–µ –¥–æ–∂–¥—É—Å—å,–Ω–µ—Ç,3,–ü—Ä–æ–≥—Ä–∞–º–º–Ω–∞—è –∏–Ω–∂–µ–Ω–µ—Ä–∏—è
31.10.2022 12:02:40,,–º–Ω–µ —Å—Ç–∞–ª–æ –∏–Ω—Ç–µ—Ä–µ—Å–Ω–æ —Ä–∞–∑–æ–±—Ä–∞—Ç—å—Å—è –≤ —ç—Ç–æ–º,—Å—Ä–µ–¥–Ω–µ,NaN,–ª–µ–≥–∫–æ,,—Å—Ä–µ–¥–Ω–µ,—Å–ª–æ–∂–Ω–æ,–ª–µ–≥–∫–æ,—Å—Ä–µ–¥–Ω–µ,"—Å–º–æ—Ç—Ä–µ—Ç—å —Å–µ—Ä–∏–∞–ª—ã, —Ñ–∏–ª—å–º—ã, –≥—É–ª—è—Ç—å","—Å–º–æ—Ç—Ä–µ—Ç—å —Å–µ—Ä–∏–∞–ª—ã, —Ñ–∏–ª—å–º—ã, –≥—É–ª—è—Ç—å, –±–µ–≥–∞—Ç—å ",–º–Ω–æ–≥–æ —É—á–µ–±—ã,60,60,20,"—Å–∫–æ—Ä–µ–µ –¥–∞, —á–µ–º –Ω–µ—Ç;","–ú–Ω–æ–≥–æ –∏ –¥–æ—Å—Ç—É–ø–Ω–æ –æ–±—ä—è—Å–Ω—è–µ—Ç,  –Ω–æ –∏ –º–Ω–æ–≥–æ —Å–ø—Ä–∞—à–∏–≤–∞–µ—Ç","–ü—Ä–æ–≥—Ä–∞–º–º–∏—Å—Ç –¥–æ–ª–∂–µ–Ω –Ω–µ —Ç–æ–ª—å–∫–æ —Ö–æ—Ä–æ—à–æ —Ä–∞–∑–±–∏—Ä–∞—Ç—å—Å—è –≤ IT, –Ω–æ –∏ —Ö–æ—Ä–æ—à–æ —Ä–∞–±–æ—Ç–∞—Ç—å –≤ –∫–æ–º–∞–Ω–¥–µ",–£–≤–µ–ª–∏—á–∏—Ç—å –∫–æ–ª–∏—á–µ—Å—Ç–≤–æ –∏–∑—É—á–µ–Ω–∏–π —Ç–µ—Ö–Ω–æ–ª–æ–≥–∏–π –∏ —É–º–µ–Ω—å—à–∏—Ç—å –∫–æ–ª–∏—á–µ—Å—Ç–≤–æ –¥–æ–∫—É–º–µ–Ω—Ç–∞—Ü–∏–∏,–û–±–ª–µ–≥—á–∏—Ç—å,"–ò–Ω—Ç–µ—Ä–µ—Å –∫ —Ç–µ—Ö–Ω–æ–ª–æ–≥–∏—è–º, –¥–µ–Ω—å–≥–∏ –∏ –ª—é–¥–∏",–¥–∞,"–∫–æ–Ω–µ—á–Ω–æ,  –Ω–µ—Ç",–ù—É–∂–Ω–æ —É–±—Ä–∞—Ç—å –∫—É–º–∏—Ä,3,–ü—Ä–æ–≥—Ä–∞–º–º–Ω–∞—è –∏–Ω–∂–µ–Ω–µ—Ä–∏—è
31.10.2022 12:03:48,,–û–Ω–∞ –ø–æ–∫–∞–∑–∞–ª–∞—Å—å –º–Ω–µ –∏–Ω—Ç–µ—Ä–µ—Å–Ω–æ–π,—Å—Ä–µ–¥–Ω–µ,–ù–µ—Ç,—Å—Ä–µ–¥–Ω–µ,,—Å—Ä–µ–¥–Ω–µ,—Å–ª–æ–∂–Ω–æ,—Å—Ä–µ–¥–Ω–µ,—Å—Ä–µ–¥–Ω–µ,"–ß—Ç–µ–Ω–∏–µ, –∏–≥—Ä—ã","–ß—Ç–µ–Ω–∏–µ, –∏–≥—Ä—ã",–ù–µ –∏–∑–º–µ–Ω–∏–ª–∏—Å—å ,20-36,60,24,–∏ –¥–∞ –∏ –Ω–µ—Ç,"–ú–Ω–æ–≥–æ –∏ –¥–æ—Å—Ç—É–ø–Ω–æ –æ–±—ä—è—Å–Ω—è–µ—Ç,  –Ω–æ –∏ –º–Ω–æ–≥–æ —Å–ø—Ä–∞—à–∏–≤–∞–µ—Ç",–ù–µ –ø–æ–º–µ–Ω—è–ª,–ë–æ–ª—å—à–µ –∏–∑—É—á–∞—Ç—å –∫–∞–∫ –∑–∞–ø—Ä–æ–≥–æ–∞–º–º–∏—Ä–æ–≤–∞—Ç—å —Ç—É –∏–ª–∏ –∏–Ω—É—é –≤–µ—â—å,–ù–∏—á–µ–≥–æ,–ù–∞–¥–µ–∂–¥–∞ —É—Å—Ç—Ä–æ–∏—Ç—å—Å—è –Ω–∞ —Ö–æ—Ä–æ—à—É—é —Ä–∞–±–æ—Ç—É,–¥–∞,"–∫–æ–Ω–µ—á–Ω–æ,  –Ω–µ—Ç",,3,–ü—Ä–æ–≥—Ä–∞–º–º–Ω–∞—è –∏–Ω–∂–µ–Ω–µ—Ä–∏—è
31.10.2022 12:05:10,,–Ω–∞–∏–±–æ–ª–µ–µ –∏–Ω—Ç–µ—Ä–µ—Å—É—é—â–µ–µ –Ω–∞–ø—Ä–∞–≤–ª–µ–Ω–∏–µ,—Å—Ä–µ–¥–Ω–µ,NaN,—Å—Ä–µ–¥–Ω–µ,,–ª–µ–≥–∫–æ,—Å—Ä–µ–¥–Ω–µ,—Å–ª–æ–∂–Ω–æ,–ª–µ–≥–∫–æ,"—Ä—ã–±–∞–ª–∫–∞, –Ω–∞—Ä–¥—ã, —Ä–∞–±–æ—Ç–∞, —Å–µ–º—å—è, –≤–æ–¥–∏—Ç—å —Å–æ–±–∞–∫—É –Ω–∞ –≤—ã—Å—Ç–∞–≤–∫—É","–∏–≥—Ä–∞–ª –≤ –∫–æ–º–ø—å—é—Ç–µ—Ä, –∏–≥—Ä–∞–ª –Ω–∞ –≥–∏—Ç–∞—Ä–µ",–ø–æ–≤–∑—Ä–æ—Å–ª–µ–ª,10,10,10,–∏ –¥–∞ –∏ –Ω–µ—Ç,"–î–∞–µ—Ç –º–∞–ª–æ, –Ω–æ –∏ —Å–ø—Ä–∞—à–∏–≤–∞–µ—Ç –Ω–µ–º–Ω–æ–≥–æ",–¥—É–º–∞–ª –±—É–¥–µ—Ç –ª–µ–≥—á–µ,—É–±—Ä–∞—Ç—å –Ω–µ–∫–æ—Ç–æ—Ä—ã–µ –¥–∏—Å—Ü–∏–ø–ª–∏–Ω—ã,—É–º–µ–Ω—å—à–∏—Ç—å —Ç—Ä–µ–±–æ–≤–∞–Ω–∏—è –ø—Ä–µ–ø–æ–¥–∞–≤–∞—Ç–µ–ª–µ–π ,–ø–æ–∫–∞ –≤ —É–±—ã—Ç–∫–µ ,–Ω–µ —É–≤–µ—Ä–µ–Ω,–Ω–µ –∑–Ω–∞—é,—á—Ç–æ–±—ã –≤—Å–µ –ø—Ä–µ–ø–æ–¥–∞–≤–∞—Ç–µ–ª–∏ —Å—Ç–∞–≤–∏–ª–∏ –∞–≤—Ç–æ–º–∞—Ç—ã ,3,–ü—Ä–æ–≥—Ä–∞–º–º–Ω–∞—è –∏–Ω–∂–µ–Ω–µ—Ä–∏—è
31.10.2022 12:05:23,,"–° 9 –∫–ª–∞—Å—Å–∞ —É–≤–ª–µ–∫–∞–ª—Å—è –ø—Ä–æ–≥—Ä–∞–º–º–∏—Ä–æ–≤–∞–Ω–∏–µ–º, –º–Ω–µ –±—ã–ª–æ —ç—Ç–æ –∏–Ω—Ç–µ—Ä–µ—Å–Ω–æ, —è —Ä–µ—à–∏–ª –ø—Ä–æ–¥–æ–ª–∂–∏—Ç—å –æ–±—É—á–µ–Ω–∏–µ –≤ –≤—É–∑–µ.",—Å—Ä–µ–¥–Ω–µ,"Pascal, c++, c#",—Å—Ä–µ–¥–Ω–µ,,–ª–µ–≥–∫–æ,—Å–ª–æ–∂–Ω–æ,—Å—Ä–µ–¥–Ω–µ,—Å—Ä–µ–¥–Ω–µ,"–ø—Ä–æ–≥—Ä–∞–º–º–∏—Ä–æ–≤–∞–Ω–∏–µ, –∫–æ–º–ø—å—é—Ç–µ—Ä–Ω—ã–µ –∏–≥—Ä—ã","–ø—Ä–æ–≥—Ä–∞–º–º–∏—Ä–æ–≤–∞–Ω–∏–µ, –∫–æ–º–ø—å—é—Ç–µ—Ä–Ω—ã–µ –∏–≥—Ä—ã, —á—Ç–µ–Ω–∏–µ",–≤—Ä–µ–º–µ–Ω–∏ –Ω–∞ —á—Ç–µ–Ω–∏–µ —Å—Ç–∞–ª–æ –Ω–µ —Ö–≤–∞—Ç–∞—Ç—å,10,30,30,"—Å–∫–æ—Ä–µ–µ –¥–∞, —á–µ–º –Ω–µ—Ç;","–ú–Ω–æ–≥–æ –∏ –¥–æ—Å—Ç—É–ø–Ω–æ –æ–±—ä—è—Å–Ω—è–µ—Ç,  –Ω–æ –∏ –º–Ω–æ–≥–æ —Å–ø—Ä–∞—à–∏–≤–∞–µ—Ç",–Ω–µ –ø–æ–º–µ–Ω—è–ª,"–ë–æ–ª—å—à–µ –ø—Ä–∞–∫—Ç–∏–∫–∏, –±–æ–ª—å—à–µ —Ä–µ–∞–ª—å–Ω—ã—Ö –∑–∞–∫–æ–Ω—á–µ–Ω–Ω—ã—Ö –ø—Ä–æ–µ–∫—Ç–æ–≤","–ú–µ–Ω—å—à–µ –∞–±—Å–æ–ª—é—Ç–Ω–æ –Ω–µ —Å–≤—è–∑–∞–Ω–Ω—ã—Ö —Å –ø—Ä–æ—Ñ–µ—Å—Å–∏–µ–π –¥–∏—Å—Ü–∏–ø–ª–∏–Ω (–ë–ñ–î, –º–∞—à–∏–Ω–Ω–∞—è –≥—Ä–∞—Ñ–∏–∫–∞)","–£–¥–æ–≤–ª–µ—Ç–≤–æ—Ä–µ–Ω–∏–µ –∏–Ω—Ç–µ—Ä–µ—Å–∞, –≤–æ—Å—Ç—Ä–µ–±–æ–≤–∞–Ω–Ω–æ—Å—Ç—å –ø—Ä–æ—Ñ–µ—Å—Å–∏–∏",–¥–∞,"–∫–æ–Ω–µ—á–Ω–æ,  –Ω–µ—Ç",,3,–ü—Ä–æ–≥—Ä–∞–º–º–Ω–∞—è –∏–Ω–∂–µ–Ω–µ—Ä–∏—è
31.10.2022 12:05:41,,"–ú–Ω–æ–≥–æ –ø–ª–∞—Ç—è—Ç, –≤–æ—Å—Ç—Ä–µ–±–æ–≤–∞–Ω–æ ",—Å—Ä–µ–¥–Ω–µ,–ù–∏–∫–∞–∫–∏–µ –Ω–µ –∑–Ω–∞–ª–∞ —è–∑—ã–∫–∏,—Å—Ä–µ–¥–Ω–µ,,–ª–µ–≥–∫–æ,—Å–ª–æ–∂–Ω–æ,—Å—Ä–µ–¥–Ω–µ,–ª–µ–≥–∫–æ,–ê—Å—Ç—Ä–æ–Ω–æ–º–∏—è,–ê—Å—Ç—Ä–æ–Ω–æ–º–∏—è,–ù–µ –∏–∑–º–µ–Ω–∏–ª–æ—Å—å ,30,20,20,"—Å–∫–æ—Ä–µ–µ –¥–∞, —á–µ–º –Ω–µ—Ç;","–ú–Ω–æ–≥–æ –∏ –¥–æ—Å—Ç—É–ø–Ω–æ –æ–±—ä—è—Å–Ω—è–µ—Ç,  –Ω–æ –∏ –º–Ω–æ–≥–æ —Å–ø—Ä–∞—à–∏–≤–∞–µ—Ç","–ù—É–∂–Ω–æ –º–Ω–æ–≥–æ –ø—Ä–∞–∫—Ç–∏–∫–æ–≤–∞—Ç—å—Å—è, —á—Ç–æ–±—ã —Ö–æ—Ä–æ—à–æ –ø—Ä–æ–≥—Ä–∞–º–º–∏—Ä–æ–≤–∞—Ç—å ","–ü—Ä–µ–ø–æ–¥–∞–≤–∞—Ç–µ–ª–µ–π, –∫–æ—Ç–æ—Ä—ã–µ –ª—å—é—Ç –æ–¥–Ω—É –≤–æ–¥—É","–§–∏–∑–∏–∫–∞ –∞–±—Å–æ–ª—é—Ç–Ω–æ —Å—Ç—Ä–∞–Ω–Ω–∞—è, —Å–ª–∏—à–∫–æ–º –≤—ã—Å–æ–∫–æ–µ –º–Ω–µ–Ω–∏–µ —É –ø—Ä–µ–ø–æ–¥–∞–≤–∞—Ç–µ–ª–µ–π –æ —Å–≤–æ–µ–º –ø—Ä–µ–¥–º–µ—Ç–µ","–ë–æ–ª—å—à–∞—è –∑–ø, –±—ã–ª–æ –±—ã –Ω–µ–ø–ª–æ—Ö–æ","–Ω–µ—Ç, –Ω–æ –≤—ã–±–µ—Ä—É —Å–º–µ–∂–Ω—É—é –ø—Ä–æ—Ñ–µ—Å—Å–∏—é","–∫–æ–Ω–µ—á–Ω–æ,  –Ω–µ—Ç",–†–æ–º–∞ –ì—É—â–∏–Ω - —Å–∞–º—ã–π –∫–ª–∞—Å—Å–Ω—ã–π –ø—Ä–µ–ø–æ–¥ ,3,–ü—Ä–æ–≥—Ä–∞–º–º–Ω–∞—è –∏–Ω–∂–µ–Ω–µ—Ä–∏—è
31.10.2022 12:09:19,,–°—á–∏—Ç–∞—é —ç—Ç–æ –∞–º–±–∏—Ü–∏–æ–∑–Ω—ã–º –∏ –ø–æ–ø—É–ª—è—Ä–Ω—ã–º –Ω–∞–ø—Ä–∞–≤–ª–µ–Ω–∏–µ–º. –õ—é–±–ª—é –º–∞—Ç–µ–º–∞—Ç–∏–∫—É –∏ —Ç–µ—Ö–Ω–∏—á–µ—Å–∫–∏–µ –Ω–∞–ø—Ä–∞–≤–ª–µ–Ω–∏—è –Ω–∞—É–∫,—Å–ª–æ–∂–Ω–æ,–ù–µ —É–º–µ–ª –∏ –Ω–µ –∑–Ω–∞–ª,—Å–ª–æ–∂–Ω–æ,,—Å—Ä–µ–¥–Ω–µ,–ª–µ–≥–∫–æ,—Å—Ä–µ–¥–Ω–µ,—Å—Ä–µ–¥–Ω–µ,"–ö–æ—Ñ–µ, –ø—Ä–æ–≥—Ä–∞–º–º–∏—Ä–æ–≤–∞–Ω–∏–µ, –∞–≤—Ç–æ–º–æ–±–∏–ª–∏","—Ä–µ—à–µ–Ω–∏–µ–º –º–∞—Ç–µ–º–∞—Ç–∏—á–µ—Å–∫–∏—Ö –∑–∞–¥–∞—á, –∏–≥—Ä–æ–π –≤ –∫–æ–º–ø—å—é—Ç–µ—Ä","–ü–µ—Ä–µ—Å–º–æ—Ç—Ä–µ–ª —Å–≤–æ–∏ –ø—Ä–∏–æ—Ä–∏—Ç–µ—Ç—ã –≤ –∂–∏–∑–Ω–∏, –∞ —Ç–∞–∫–∂–µ –ø–æ–º–µ–Ω—è–ª–∏—Å—å —Ö–æ–±–±–∏ –∏ –∏–Ω—Ç–µ—Ä–µ—Å—ã",25,20,12,–∏ –¥–∞ –∏ –Ω–µ—Ç,"–ú–Ω–æ–≥–æ –∏ –¥–æ—Å—Ç—É–ø–Ω–æ –æ–±—ä—è—Å–Ω—è–µ—Ç,  –Ω–æ –∏ –º–Ω–æ–≥–æ —Å–ø—Ä–∞—à–∏–≤–∞–µ—Ç","–≠—Ç–æ —Ç—è–∂–µ–ª–µ–µ, —á–µ–º –¥—É–º–∞–ª",–±–æ–ª—å—à–µ –≤—Ä–µ–º–µ–Ω–∏ —É–¥–µ–ª—è—Ç—å —É—á–µ–±–µ,–ë–æ–ª—å—à–µ –ø—Ä–∞–∫—Ç–∏—á–µ—Å–∫–∏—Ö –∑–Ω–∞–Ω–∏–π,–í–æ–∑–º–æ–∂–Ω–æ—Å—Ç–∏ –≤ –±—É–¥—É—â–µ–π –∫–∞—Ä—å–µ—Ä–µ,–¥–∞,"–∫–æ–Ω–µ—á–Ω–æ,  –Ω–µ—Ç",,3,–ü—Ä–æ–≥—Ä–∞–º–º–Ω–∞—è –∏–Ω–∂–µ–Ω–µ—Ä–∏—è
31.10.2022 12:10:08,,"–ù—Ä–∞–≤–∏—Ç—Å—è, –µ—Å—Ç—å –ø–æ—Ç—Ä–µ–±–Ω–æ—Å—Ç—å –≤ –∫–∞–¥—Ä–∞—Ö —ç—Ç–æ–π –Ω–∞–ø—Ä–∞–≤–ª–µ–Ω–Ω–æ—Å—Ç–∏",–ª–µ–≥–∫–æ,–ü–∏—Ç–æ–Ω,—Å—Ä–µ–¥–Ω–µ,,—Å—Ä–µ–¥–Ω–µ,—Å–ª–æ–∂–Ω–æ,—Å–ª–æ–∂–Ω–æ,–ª–µ–≥–∫–æ,–°–≤—è–∑–∞–Ω—ã —Å IT,"–¢–µ–º –∂–µ, –Ω–æ –µ—â—ë –∏ —Å–ø–æ—Ä—Ç–æ–º",–°—Ç–∞–ª–æ –º–µ–Ω—å—à–µ –≤—Ä–µ–º–µ–Ω–∏ –∏ –≤–æ–∑–º–æ–∂–Ω–æ—Å—Ç–µ–π,12,40,14,"—Å–∫–æ—Ä–µ–µ –¥–∞, —á–µ–º –Ω–µ—Ç;","–ú–Ω–æ–≥–æ –∏ –¥–æ—Å—Ç—É–ø–Ω–æ –æ–±—ä—è—Å–Ω—è–µ—Ç,  –Ω–æ –∏ –º–Ω–æ–≥–æ —Å–ø—Ä–∞—à–∏–≤–∞–µ—Ç","–≠—Ç–æ –æ–∫–∞–∑–∞–ª–æ—Å—å —Å–ª–æ–∂–Ω–µ–µ –∏ –∑–∞–ø—É—Ç–∞–Ω–Ω–µ–µ, –Ω–æ –ø—Ä–∏ —ç—Ç–æ–º –∏ –∏–Ω—Ç–µ—Ä–µ—Å–Ω–µ–µ","–û—Ç–æ—Ä–≤–∞—Ç—å—Å—è –æ—Ç –∂–µ–ª–µ–∑–∞ –∏ –±–æ–ª—å—à–µ –ø—Ä–∞–∫—Ç–∏–∫–æ–≤–∞—Ç—å—Å—è –≤ ""—Å–∫–ª–µ–π–∫–µ"" —Ä–∞–∑–Ω—ã—Ö —á–∞—Å—Ç–µ–π –±–æ–ª—å—à–∏—Ö –ø—Ä–æ–µ–∫—Ç–æ–≤ (–Ω–∞–ø—Ä–∏–º–µ—Ä, —Ñ—Ä–æ–Ω—Ç—ç–Ω–¥ –∏ –±—ç–∫—ç–Ω–¥).",–ë–æ–ª—å—à–µ –ø—Ä–∞–∫—Ç–∏–∫,–ù–∞–¥–µ–∂–¥–∞ –Ω–∞ —Ö–æ—Ä–æ—à—É—é —Ä–∞–±–æ—Ç—É ,–¥–∞,"–∫–æ–Ω–µ—á–Ω–æ,  –Ω–µ—Ç",–ù–µ—Ç.,3,–ü—Ä–æ–≥—Ä–∞–º–º–Ω–∞—è –∏–Ω–∂–µ–Ω–µ—Ä–∏—è
31.10.2022 12:13:51,,–í —Å–≤—è–∑–∏ —Å –ø—Ä–æ–±–ª–µ–º–æ–π —Å–æ —Å–ª—É—Ö–æ–º —ç—Ç–æ –Ω–∞–ø—Ä–∞–≤–ª–µ–Ω–∏–µ –ø–æ–¥—Ö–æ–¥–∏—Ç –º–Ω–µ,—Å—Ä–µ–¥–Ω–µ,"Pascal, –ö—É–º–∏—Ä (–≤ —à–∫–æ–ª–µ)",—Å–ª–æ–∂–Ω–æ,,—Å—Ä–µ–¥–Ω–µ,—Å–ª–æ–∂–Ω–æ,—Å–ª–æ–∂–Ω–æ,—Å—Ä–µ–¥–Ω–µ,–û—Ç–¥—ã—Ö,"–°–ø–æ—Ä—Ç–æ–º, —á—Ç–µ–Ω–∏–µ–º, –≤—ã—à–∏–≤–∞–Ω–∏–µ–º","–ò–Ω—Å—Ç–∏—Ç—É—Ç - –Ω–µ —à–∫–æ–ª–∞, —Å–ª–µ–¥–æ–≤–∞—Ç–µ–ª—å–Ω–æ, –Ω–µ—Ç –≤—Ä–µ–º–µ–Ω–∏",70,80,10,–∏ –¥–∞ –∏ –Ω–µ—Ç,"–ú–Ω–æ–≥–æ –∏ –¥–æ—Å—Ç—É–ø–Ω–æ –æ–±—ä—è—Å–Ω—è–µ—Ç,  –Ω–æ –∏ –º–Ω–æ–≥–æ —Å–ø—Ä–∞—à–∏–≤–∞–µ—Ç",–ù–µ –±—ã–ª–æ —É –º–µ–Ω—è –ø—Ä–µ–¥—Å—Ç–∞–≤–ª–µ–Ω–∏—è,–ù–µ –∑–Ω–∞—é,–ù–µ –∑–∞–¥—É–º—ã–≤–∞–ª–∞—Å—å,–°–¥–∞—á–∞ –∑–∞ —ç–∫–∑–∞–º–µ–Ω/–∑–∞—á–µ—Ç,–¥–∞,"–∫–æ–Ω–µ—á–Ω–æ,  –Ω–µ—Ç",–ù–µ—Ç,3,–ü—Ä–æ–≥—Ä–∞–º–º–Ω–∞—è –∏–Ω–∂–µ–Ω–µ—Ä–∏—è
31.10.2022 12:14:04,,–Ø –µ—â–µ —Ä–∞–Ω—å—à–µ –ø–ª–∞–Ω–∏—Ä–æ–≤–∞–ª –ø–æ–π—Ç–∏ –Ω–∞ –ø—Ä–æ–≥—Ä–∞–º–º–∏—Å—Ç–∞,—Å—Ä–µ–¥–Ω–µ,"c++, python",–ª–µ–≥–∫–æ,,—Å—Ä–µ–¥–Ω–µ,—Å–ª–æ–∂–Ω–æ,—Å—Ä–µ–¥–Ω–µ,—Å–ª–æ–∂–Ω–æ,"–ü—Ä–æ–≥—Ä–∞–º–º–∏—Ä–æ–≤–∞–Ω–∏–µ, –∏–≥—Ä—ã",–¢–µ–º –∂–µ,–Ω–µ –∏–∑–º–µ–Ω–∏–ª–∏—Å—å,21,12.5,42,"—Å–∫–æ—Ä–µ–µ –¥–∞, —á–µ–º –Ω–µ—Ç;","–ú–Ω–æ–≥–æ –∏ –¥–æ—Å—Ç—É–ø–Ω–æ –æ–±—ä—è—Å–Ω—è–µ—Ç,  –Ω–æ –∏ –º–Ω–æ–≥–æ —Å–ø—Ä–∞—à–∏–≤–∞–µ—Ç",–ù–µ –ø–æ–º–µ–Ω—è–ª,"–°–¥–µ–ª–∞—Ç—å —Ç–∞–∫, —á—Ç–æ–±—ã –ø—Ä–µ–ø–æ–¥–∞–≤–∞—Ç–µ–ª–∏ –ø–µ—Ä–µ—Å—Ç–∞–ª–∏ –ª–∏—Ç—å –≤–æ–¥—É","–í–æ–∑–º–æ–∂–Ω–æ, —É —Ñ–∏–∑—Ä—ã –∏ —ç–∫–æ–Ω–æ–º–∏–∫–∏ –Ω–µ –¥–æ–ª–∂–Ω–æ –±—ã—Ç—å –±–æ–ª—å—à–µ —á–∞—Å–æ–≤, —á–µ–º —É —Å–µ—Ç–µ–π –∏ –¥—Ä—É–≥–∏—Ö –∫–ª—é—á–µ–≤—ã—Ö –¥–ª—è —Å–ø–µ—Ü–∏–∞–ª—å–Ω–æ—Å—Ç–∏ –ø—Ä–µ–¥–º–µ—Ç–æ–≤",–í–æ–∑–º–æ–∂–Ω–æ—Å—Ç—å –ø—Ä–µ—Ç–µ–Ω–¥–æ–≤–∞—Ç—å –Ω–∞ —Ö–æ—Ä–æ—à–∏–µ –ø–æ–∑–∏—Ü–∏–∏,–¥–∞,"–∫–æ–Ω–µ—á–Ω–æ,  –Ω–µ—Ç",,3,–ü—Ä–æ–≥—Ä–∞–º–º–Ω–∞—è –∏–Ω–∂–µ–Ω–µ—Ä–∏—è
31.10.2022 12:16:25,,–ü–æ—Å—á–∏—Ç–∞–ª –Ω–∞–∏–±–æ–ª–µ–µ –ø–æ–¥—Ö–æ–¥—è—â–µ–π –¥–ª—è –º–µ–Ω—è –∏ –Ω–∞–∏–±–æ–ª–µ–µ –ø–µ—Ä—Å–ø–µ–∫—Ç–∏–≤–Ω–æ–π.,—Å—Ä–µ–¥–Ω–µ,—Å–∏,—Å—Ä–µ–¥–Ω–µ,,–ª–µ–≥–∫–æ,—Å–ª–æ–∂–Ω–æ,—Å–ª–æ–∂–Ω–æ,–ª–µ–≥–∫–æ,–£–≤–ª–µ–∫–∞—é—Å—å —Å–¥–∞—á–µ–π –¥–æ–ª–≥–æ–≤,"–ò–≥—Ä–æ–π ""–í–æ—Ä–ª–¥ –æ—Ñ –¢–∞–Ω–∫—Å""",–ü–æ—è–≤–∏–ª–æ—Å—å –±–æ–ª—å—à–µ –æ—Ç–≤–µ—Ç—Å–≤–µ–Ω–Ω–æ—Å—Ç–∏,7,23%,4,–∏ –¥–∞ –∏ –Ω–µ—Ç,"–î–∞–µ—Ç –º–∞–ª–æ, –Ω–æ –∏ —Å–ø—Ä–∞—à–∏–≤–∞–µ—Ç –Ω–µ–º–Ω–æ–≥–æ","–Ø –¥—É–º–∞–ª, —á—Ç–æ —è –±—É–¥—É –≤—ã–≥–ª—è–¥–µ—Ç—å –∫—Ä—É—Ç–æ, –∏–º–µ—Ç—å –º–Ω–æ–≥–æ –≤—Ä–µ–º–µ–Ω–∏ –∏ –∑–Ω–∞–Ω–∏–π, –±—ã—Ç—å –≤—Å–µ–º–æ–≥—É—â–∏–º –∞–ª—è –∏–∑ —Å–µ—Ä–∏–∞–ª–∞ ""–ú–∏—Å—Ç–µ—Ä –†–æ–±–æ—Ç"". –ù–∞ –¥–µ–ª–µ –º–æ–∂–Ω–æ –ø–æ–∏–º–µ—Ç—å —Ç–æ–ª—å–∫–æ –±–µ—Å—Å–æ–Ω–∏—Ü—É, –º–µ—à–∫–∏ –ø–æ–¥ –≥–ª–∞–∑–∞–º–∏ –∏ –∞–≥—Ä–µ—Å—Å–∏—é.","–•–æ—Ç–µ–ª–æ—Å—å –±—ã –ø–æ–º–µ–Ω—å—à–µ –æ—Ü–µ–Ω–∏–≤–∞–Ω–∏—è –±–∞–ª–ª–∞–º–∏, –±–æ–ª—å—à–µ —É–∫–ª–æ–Ω–∞ –Ω–∞ —Å–æ–≤–º–µ—Å—Ç–Ω—É—é —Ä–∞–±–æ—Ç—É, –∫–æ—Ç–æ—Ä–∞—è –¥–µ–π—Å—Ç–≤–∏—Ç–µ–ª—å–Ω–æ –∫ —á–µ–º—É-—Ç–æ –≤–µ–¥—ë—Ç, –≤–æ–∑–º–æ–∂–Ω–æ, —É—á–∞—Å—Ç–∏–µ –≤ —Ä–µ–∞–ª—å–Ω—ã—Ö –∫–æ–º–º–µ—Ä—á–µ—Å–∫–∏—Ö IT-–ø—Ä–æ–µ–∫—Ç–∞—Ö (–ø–æ –∂–µ–ª–∞–Ω–∏—é).",–ü–æ–º–µ–Ω—å—à–µ –æ—Ü–µ–Ω–∏–≤–∞–Ω–∏—è –±–∞–ª–ª–∞–º–∏,–ù–µ —è–≤–ª—è–µ—Ç—Å—è,"–Ω–µ—Ç, –Ω–æ –≤—ã–±–µ—Ä—É —Å–º–µ–∂–Ω—É—é –ø—Ä–æ—Ñ–µ—Å—Å–∏—é",–ù–µ —Ö–æ—á—É –≤ –∞—Ä–º–∏—é –ù–ï–ï–ï–¢ –ù–ï –í –ê–†–ú–ò–Æ. –ù–ï –•–û–ß–£. –õ–£–ß–®–ï –ó–ê–ú–£–ñ,–•–æ—á—É –±–æ–ª—å—à–µ –∞–Ω–µ–∫–¥–æ—Ç–æ–≤,3,–ü—Ä–æ–≥—Ä–∞–º–º–Ω–∞—è –∏–Ω–∂–µ–Ω–µ—Ä–∏—è
31.10.2022 12:22:05,,–Ø –∑–∞–Ω–∏–º–∞–ª—Å—è –ø—Ä–æ–≥—Ä–∞–º–º–∏—Ä–æ–≤–∞–Ω–∏–µ–º –≤ —à–∫–æ–ª–µ,–ª–µ–≥–∫–æ,c++,–ª–µ–≥–∫–æ,,—Å—Ä–µ–¥–Ω–µ,—Å–ª–æ–∂–Ω–æ,—Å—Ä–µ–¥–Ω–µ,–ª–µ–≥–∫–æ,—Å–ø–æ—Ä—Ç,—Å–ø–æ—Ä—Ç,–Ω–µ –∏–∑–º–µ–Ω–∏–ª–∏—Å—å,70,41,98,"—Å–∫–æ—Ä–µ–µ –¥–∞, —á–µ–º –Ω–µ—Ç;","–ú–Ω–æ–≥–æ –∏ –¥–æ—Å—Ç—É–ø–Ω–æ –æ–±—ä—è—Å–Ω—è–µ—Ç,  –Ω–æ –∏ –º–Ω–æ–≥–æ —Å–ø—Ä–∞—à–∏–≤–∞–µ—Ç","–Ø –ø–æ–Ω—è–ª, —á—Ç–æ –¥–ª—è –ø—Ä–æ–≥—Ä–∞–º–º–∏—Å—Ç–∞ –≤–∞–∂–Ω–æ —É–º–µ—Ç—å —Ä–µ—à–∞—Ç—å –ø–æ—Å—Ç–∞–≤–ª–µ–Ω–Ω—É—é –∑–∞–¥–∞—á—É, –∞ –Ω–µ –∑–∞–ø–æ–º–∏–Ω–∞—Ç—å —Å–∏–Ω—Ç–∞–∫—Å–∏—á–µ—Å–∫–∏–µ –∫–æ–Ω—Å—Ç—Ä—É–∫—Ü–∏–∏",–Ω–∏—á–µ–≥–æ,"–§–∏–∑. –∫—É–ª—å—Ç—É—Ä–∞: –Ω–æ—Ä–º–∞–ª—å–Ω—ã–µ –Ω–æ—Ä–º–∞—Ç–∏–≤—ã, —Ä–∞—Å—Å—á–∏—Ç–∞–Ω–Ω—ã–µ, –Ω–∞ —Ö–æ—Ç—è –±—ã –Ω–µ —Å–ø–æ—Ä—Ç—Å–º–µ–Ω–∞, –∞ –ø—Ä–æ—Å—Ç–æ —á–µ–ª–æ–≤–µ–∫–∞, –Ω–µ –≥–æ–≤–æ—Ä—è, –ø—Ä–æ —Ä–∞—Å—Å—á–∏—Ç–∞–Ω–Ω–æ—Å—Ç—å –Ω–∞ –∏–Ω–∂–µ–Ω–µ—Ä–∞.
–§–∏–∑–∏–∫–∞: –±–æ–ª–µ–µ –ø—Ä–æ—Å—Ç—ã–µ –∑–∞–¥–∞–Ω–∏—è, —Ä–∞—Å—Å—á–∏—Ç–∞–Ω–Ω—ã–µ, –Ω–∞ —Ç–æ, —á—Ç–æ —á–µ–ª–æ–≤–µ–∫ –¥–æ —ç—Ç–æ–≥–æ –Ω–µ –∑–∞–Ω–∏–º–∞–ª—Å—è —Ñ–∏–∑–∏–∫–æ–π, –∞ –∏–∑—É—á–∞–ª –µ—ë –≤ —à–∫–æ–ª–µ –Ω–∞ –±–∞–∑–æ–≤–æ–º —É—Ä–æ–≤–Ω–µ.
–ú–∞—Ç–µ–º–∞—Ç–∏—á–µ—Å–∫–∏–π –∞–Ω–∞–ª–∏–∑, —Ç–µ–æ—Ä–∏—è –≤–µ—Ä–æ—è—Ç–Ω–æ—Å—Ç–µ–π: –±–æ–ª—å—à–∞—è –æ—Ä–∏–µ–Ω—Ç–∏—Ä–æ–≤–∞–Ω–Ω–æ—Å—Ç—å –Ω–∞ –ø—Ä–∏–∫–ª–∞–¥–Ω–æ–π —Å–æ—Å—Ç–∞–≤–ª—è—é—â–µ–π —ç—Ç–∏—Ö –ø—Ä–µ–¥–º–µ—Ç–æ–≤.
–≠–∫–æ–Ω–æ–º–∏–∫–∞, —Ñ–∏–ª–æ—Å–æ—Ñ–∏—è, –ø—Ä–∞–≤–æ, –∏—Å—Ç–æ—Ä–∏—è: –æ—Ä–∏–µ–Ω—Ç–∏—Ä–æ–≤–∞–Ω–Ω–æ—Å—Ç—å –Ω–∞ –ø—Ä–æ–≥—Ä–∞–º–º–∏—Ä–æ–≤–∞–Ω–∏–µ —ç—Ç–∏—Ö –ø—Ä–µ–¥–º–µ—Ç–æ–≤, —Ç–æ –µ—Å—Ç—å –æ–±—ä—è—Å–Ω–µ–Ω–∏—è –∑–∞–∫–æ–Ω–æ–≤ –≤ —Å—Ñ–µ—Ä–µ IT –≤ –ø—Ä–∞–≤–µ, –∫–∞–∫ —É—Å—Ç—Ä–æ–µ–Ω —Ä—ã–Ω–æ–∫ –≤ IT –≤ —ç–∫–æ–Ω–æ–º–∏–∫–µ, –∏—Å—Ç–æ—Ä–∏—è —Ä–∞–∑–≤–∏—Ç–∏—è –ø—Ä–æ–≥—Ä–∞–º–º–∏—Ä–æ–≤–∞–Ω–∏—è –≤ –∏—Å—Ç–æ—Ä–∏–∏, –∏ —Ñ–∏–ª–æ—Å–æ—Ñ–∏—è —Ç–µ—Ö–Ω–∏–∫–∏ –≤ —Ñ–∏–ª–æ—Å–æ—Ñ–∏–∏.
–î–∏—Å–∫—Ä–µ—Ç–Ω–∞—è –º–∞—Ç–µ–º–∞—Ç–∏–∫–∞: –º–µ–Ω—å—à–µ –±–æ–ª—å—à–∏—Ö –æ–¥–Ω–æ–æ–±—Ä–∞–∑–Ω—ã—Ö –≤—ã—á–∏—Å–ª–µ–Ω–∏–π –∏ –±–æ–ª—å—à–µ —Å—É—Ç–∏, —è –Ω–µ –≤–∏–∂—É —Å–º—ã—Å–ª–∞, –Ω–∞–ø—Ä–∏–º–µ—Ä, —Ä–∞—Å—Å–º–∞—Ç—Ä–∏–≤–∞—Ç—å –∞–ª–≥–æ—Ä–∏—Ç–º –î–µ–π–∫—Å—Ç—Ä—ã –Ω–∞ –≥—Ä–∞—Ñ–µ –∏–∑ 10 –≤–µ—Ä—à–∏–Ω, 4 –≤–µ—Ä—à–∏–Ω—ã –∏ 5 —Ä–µ–±–µ—Ä –≤–ø–æ–ª–Ω–µ –¥–æ—Å—Ç–∞—Ç–æ—á–Ω–æ, –ø—Ä–∏–º–µ—Ä—ã —Ä–µ–∞–ª–∏–∑–∞—Ü–∏–∏ –∞–ª–≥–æ—Ä–∏—Ç–º–æ–≤, –ø—Ä–∏–º–µ—Ä—ã –∏—Ö –ø—Ä–∏–º–µ–Ω–µ–Ω–∏—è, –æ–±—ä—è—Å–Ω–µ–Ω–∏–µ –∏—Ö –∞–ª–≥–æ—Ä–∏—Ç–º–∏—á–µ—Å–∫–æ–π —Å–ª–æ–∂–Ω–æ—Å—Ç–∏, –¥–æ–∫–∞–∑–∞—Ç–µ–ª—å—Å—Ç–≤–æ —Ç–æ–≥–æ, —á—Ç–æ –∞–ª–≥–æ—Ä–∏—Ç–º –≤—Å–µ–≥–¥–∞ –∏—â–µ—Ç –æ–ø—Ç–∏–º–∞–ª—å–Ω—ã–π –æ—Ç–≤–µ—Ç, –∏–ª–∏ –∫–æ–Ω—Ç—Ä–ø—Ä–∏–º–µ—Ä, –≥–¥–µ –∞–ª–≥–æ—Ä–∏—Ç–º –∏—â–µ—Ç –æ—Ç–≤–µ—Ç —Å –Ω–µ–∫–æ—Ç–æ—Ä–æ–π –ø–æ–≥—Ä–µ—à–Ω–æ—Å—Ç—å—é.
–û–ü –≤—Ç–æ—Ä–æ–π —Å–µ–º–µ—Å—Ç—Ä: –¥–æ—Å—Ç–∞—Ç–æ—á–Ω–æ —Å–ª–æ–∂–Ω–æ –¥–ª—è –ø–æ–Ω–∏–º–∞–Ω–∏—è, —Å—Ç–æ–∏—Ç –Ω–µ–º–Ω–æ–≥–æ —É–ø—Ä–æ—Å—Ç–∏—Ç—å.
–ü—Ä–æ–≥—Ä–∞–º–º–∏—Ä–æ–≤–∞–Ω–∏–µ: —è –ø–æ–Ω–∏–º–∞—é, —á—Ç–æ –≤ —ç—Ç–æ–º –ø—Ä–µ–¥–º–µ—Ç–µ –Ω–µ—Ç —á–µ–≥–æ-—Ç–æ –æ–¥–Ω–æ–∑–Ω–∞—á–Ω–æ –ø—Ä–∞–≤–∏–ª—å–Ω–æ–≥–æ, –Ω–æ —Å—Ç–æ–∏—Ç –ø–æ–∫–∞–∑—ã–≤–∞—Ç—å –≤ –ª–µ–∫—Ü–∏—è—Ö –±–æ–ª—å—à–µ –ø—Ä–∏–º–µ—Ä–æ–≤ —Ö–æ—Ç—è –±—ã –±–ª–∏–∑–∫–∏—Ö –∫ –ø—Ä–∞–≤–∏–ª—å–Ω—ã–º. –í –ª–µ–∫—Ü–∏—è—Ö —Å–∏–ª—å–Ω–æ –ø—Ä–µ–≤–∞–ª–∏—Ä—É–µ—Ç –æ–±—ä—è—Å–Ω–µ–Ω–∏–µ —Ç–æ–≥–æ ""–∫–∞–∫ –¥–µ–ª–∞—Ç—å –Ω–µ –Ω–∞–¥–æ"" –Ω–∞–¥ —Ç–µ–º ""–∫–∞–∫ –¥–µ–ª–∞—Ç—å –Ω–∞–¥–æ"".
–ò–Ω—Ñ–æ—Ä–º–∞—Ç–∏–∫–∞: –æ–¥–Ω–æ–æ–±—Ä–∞–∑–∏—è –º–Ω–æ–≥–æ–≤–∞—Ç–æ, –≤ –∞—Å—Ç–∞—Ö–µ –º–æ–∂–Ω–æ –Ω–µ —Ä–∞—Å–ø–∏—Å—ã–≤–∞—Ç—å, –Ω–∞–ø—Ä–∏–º–µ—Ä, –∫–∞–∫–∏–µ-—Ç–æ –±–æ–ª–µ–µ –º–µ–Ω–µ–µ –ø–æ–Ω—è—Ç–Ω—ã–µ –≤–µ—â–∏, –Ω–∞–ø—Ä–∏–º–µ—Ä, –±–ª–∏–∂–µ –∫ –ø—è—Ç–æ–π –ª–∞–±–æ—Ä–∞—Ç–æ—Ä–Ω–æ–π —Ä–∞–±–æ—Ç–µ –º–æ–∂–Ω–æ —É–∂–µ –Ω–µ —Ä–∞—Å–ø–∏—Å—ã–≤–∞—Ç—å –ø—É–Ω–∫—Ç ""–ø–æ–π—Ç–∏ –≤–≤–µ—Ä—Ö –¥–æ —Å—Ç–µ–Ω—ã"".

–í –æ–±—â–µ–º: —Ö–æ—Ç–µ–ª–æ—Å—å –±—ã –º–µ–Ω—å—à–µ –ø—Ä–æ—Ç–æ–∫–æ–ª–æ–≤ –∏ –±–æ–ª—å—à–µ –ø—Ä–æ–≥—Ä–∞–º–º–∏—Ä–æ–≤–∞–Ω–∏—è.","–í–æ–∑–º–æ–∂–Ω–æ—Å—Ç—å –±–µ–∑–≥—Ä–∞–Ω–∏—á–Ω–æ–≥–æ –∫–∞—Ä—å–µ—Ä–Ω–æ–≥–æ —Ä–æ—Å—Ç–∞, –æ—á–µ–Ω—å –∏–Ω—Ç–µ—Ä–µ—Å–Ω–∞—è –ø—Ä–æ—Ñ–µ—Å—Å–∏—è, –≤—ã—Å–æ–∫–∏–π —É—Ä–æ–≤–µ–Ω—å –æ–ø–ª–∞—Ç—ã —Ç—Ä—É–¥–∞",–¥–∞,"–∫–æ–Ω–µ—á–Ω–æ,  –Ω–µ—Ç",,3,–ü—Ä–æ–≥—Ä–∞–º–º–Ω–∞—è –∏–Ω–∂–µ–Ω–µ—Ä–∏—è
31.10.2022 12:27:37,,–•–æ—Ç–µ–ª —Å—Ç–∞—Ç—å –ø—Ä–æ—Ñ–µ—Å—Å–∏–æ–Ω–∞–ª—å–Ω—ã–º –ø—Ä–æ–≥—Ä–∞–º–º–∏—Å—Ç–æ–º. –û—Ç–∫—Ä—ã—Ç—å –¥–ª—è —Å–µ–±—è –Ω–æ–≤—É—é –æ–±–ª–∞—Å—Ç—å –¥–ª—è —Ä–∞–∑–≤–∏—Ç–∏—è,—Å–ª–æ–∂–Ω–æ,"–Ø –∑–Ω–∞–ª —Ç–æ–ª—å–∫–æ –ü–∞—Å–∫–∞–ª—å, –∏ —Ç–æ –Ω–∞ –º–∞–∫—Å–∏–º–∞–ª—å–Ω–æ –±–∞–∑–æ–≤–æ–º —É—Ä–æ–≤–Ω–µ",—Å–ª–æ–∂–Ω–æ,,—Å—Ä–µ–¥–Ω–µ,—Å—Ä–µ–¥–Ω–µ,—Å–ª–æ–∂–Ω–æ,–ª–µ–≥–∫–æ,"–ú—É–∑—ã–∫–∞, –ø—Ä–æ–≥—Ä–∞–º–º–∏—Ä–æ–≤–∞–Ω–∏–µ",–ú—É–∑—ã–∫–∞,"–ú—É–∑—ã–∫–∞ –Ω–µ —è–≤–ª—è–µ—Ç—Å—è —Ç–æ–π –æ–±–ª–∞—Å—Ç—å—é, –≤ –∫–æ—Ç–æ—Ä–æ–π –º–æ–∂–Ω–æ –º–Ω–æ–≥–æ –∑–∞—Ä–∞–±–∞—Ç—ã–≤–∞—Ç—å –≤ –Ω–∞—à–µ –≤—Ä–µ–º—è. –ê –∫–∞–∫ —Ö–æ–±–±–∏ –ø–æ–¥—Ö–æ–¥–∏—Ç –æ—Ç–ª–∏—á–Ω–æ",12,30%,20,"—Å–∫–æ—Ä–µ–µ –¥–∞, —á–µ–º –Ω–µ—Ç;","–ú–Ω–æ–≥–æ –∏ –¥–æ—Å—Ç—É–ø–Ω–æ –æ–±—ä—è—Å–Ω—è–µ—Ç,  –Ω–æ –∏ –º–Ω–æ–≥–æ —Å–ø—Ä–∞—à–∏–≤–∞–µ—Ç","–≠—Ç–æ –æ—á–µ–Ω—å —Å–ª–æ–∂–Ω–∞—è –æ–±–ª–∞—Å—Ç—å, –≤ –∫–æ—Ç–æ—Ä–æ–π –æ—á–µ–Ω—å –º–Ω–æ–≥–æ —Ç–æ–Ω–∫–æ—Å—Ç–µ–π. –£–º–µ–Ω–∏–µ ""–∫–æ–¥–∏—Ç—å"" - —ç—Ç–æ –ø—Ä–∏–º–µ—Ä–Ω–æ 10% –æ—Ç —Ç–æ–≥–æ, —á—Ç–æ –Ω–∞–¥–æ –∑–Ω–∞—Ç—å –∏ —É–º–µ—Ç—å, —á—Ç–æ–±—ã –±—ã—Ç—å –ø—Ä–æ—Ñ–µ—Å—Å–∏–æ–Ω–∞–ª—å–Ω—ã–º –ø—Ä–æ–≥—Ä–∞–º–º–∏—Å—Ç–æ–º","–ë–æ–ª–µ–µ –ø–æ–¥—Ä–æ–±–Ω–æ–µ –æ–±—ä—è—Å–Ω–µ–Ω–∏–µ —Ç–æ–Ω–∫–æ—Å—Ç–µ–π. –û—á–µ–Ω—å —á–∞—Å—Ç–æ –ø—Ä–µ–ø–æ–¥–∞–≤–∞—Ç–µ–ª–∏ —Ä–∞–≤–Ω—è—é—Ç—Å—è –Ω–∞ —Ç–µ—Ö, –∫—Ç–æ —É–∂–µ –∑–Ω–∞–µ—Ç –∏ —Å—á–∏—Ç–∞–µ—Ç, —á—Ç–æ –æ—Å—Ç–∞–ª—å–Ω—ã–µ —Ç–æ–∂–µ —É–∂–µ –¥–æ–ª–∂–Ω—ã –≤—Å–µ –∑–Ω–∞—Ç—å. –í –º–æ–µ–π —à–∫–æ–ª–µ –∏–Ω—Ñ–æ—Ä–º–∞—Ç–∏–∫–∞ –ø—Ä–∞–∫—Ç–∏—á–µ—Å–∫–∏ –Ω–µ –ø—Ä–µ–ø–æ–¥–∞–≤–∞–ª–∞—Å—å, –ø–æ—ç—Ç–æ–º—É –∫–æ–≥–¥–∞ —è –ø–æ—Å—Ç—É–ø–∏–ª, –º–Ω–µ –±—ã–ª–æ –æ—á–µ–Ω—å —Å–ª–æ–∂–Ω–æ –≤ –æ—Ç–ª–∏—á–∏–µ –æ—Ç —Ç–µ—Ö, —É –∫–æ–≥–æ –æ–Ω–∞ –ø—Ä–µ–ø–æ–¥–∞–≤–∞–ª–∞—Å—å. –ê –ø—Ä–æ–≥—Ä–∞–º–º–∞ –Ω–µ—É–º–æ–ª–∏–º–æ –∏–¥–µ—Ç –≤–ø–µ—Ä–µ–¥, –∏ –∫–æ–ª–∏—á–µ—Å—Ç–≤–æ –Ω–µ –¥–æ–≤–µ–¥–µ–Ω–Ω–æ–≥–æ –¥–æ —É–º–∞ –º–∞—Ç–µ—Ä–∏–∞–ª–∞ —Ä–æ—Å–ª–æ –≤ –≥–µ–æ–º–µ—Ç—Ä–∏—á–µ—Å–∫–æ–π –ø—Ä–æ–≥—Ä–µ—Å—Å–∏–∏)","–û—Ü–µ–Ω–∏–≤–∞—Ç—å —Å—Ç–æ—Ä–æ–Ω–Ω–∏–µ –¥–∏—Å—Ü–∏–ø–ª–∏–Ω—ã –º–µ–Ω–µ–µ —Å—Ç—Ä–æ–≥–æ, —á—Ç–æ–±—ã –±—ã–ª–æ –±–æ–ª—å—à–µ –≤—Ä–µ–º–µ–Ω–∏ –Ω–∞ –∏–∑—É—á–µ–Ω–∏–µ –æ—Å–Ω–æ–≤–Ω–æ–π —Å–ø–µ—Ü–∏–∞–ª—å–Ω–æ—Å—Ç–∏. –ó–∞–¥–∞–Ω–∏–µ –ø–æ —Å—Ç–æ—Ä–æ–Ω–Ω–∏–º –¥–∏—Å—Ü–∏–ø–ª–∏–Ω–∞–º —á–∞—Å—Ç–æ –æ—Ü–µ–Ω–∏–≤–∞–µ—Ç—Å—è –æ—á–µ–Ω—å —Å—Ç—Ä–æ–≥–æ, –ø–æ—ç—Ç–æ–º—É –º–Ω–æ–≥–æ –≤—Ä–µ–º–µ–Ω–∏ —É—Ö–æ–¥–∏–ª–æ –Ω–∞ –ø–æ–¥–≥–æ—Ç–æ–≤–∫—É –∏ –≤—Ä–µ–º–µ–Ω–∏ –Ω–∞ –∏–∑—É—á–µ–Ω–∏–µ –º–∞—Ç–µ—Ä–∏–∞–ª–∞ –ø–æ —Å–ø–µ—Ü–∏–∞–ª—å–Ω–æ—Å—Ç–∏, –∫–æ—Ç–æ—Ä—ã–π –∏ –±–µ–∑ —Ç–æ–≥–æ –¥–∞–µ—Ç—Å—è —Ç—è–∂–µ–ª–æ, –ø—Ä–∞–∫—Ç–∏—á–µ—Å–∫–∏ –Ω–µ –æ—Å—Ç–∞–≤–∞–ª–æ—Å—å",–î–µ–Ω—å–≥–∏),–¥–∞,"–∫–æ–Ω–µ—á–Ω–æ,  –Ω–µ—Ç",–∫—É–ø–∏—Ç–µ –º–Ω–µ —à–∞—É—Ä–º—É –∏–∑ –∫–µ–±–∞–±–Ω–∏–∫–∞,3,–ü—Ä–æ–≥—Ä–∞–º–º–Ω–∞—è –∏–Ω–∂–µ–Ω–µ—Ä–∏—è
31.10.2022 14:36:33,,–ü—Ä–æ—Ñ–µ—Å—Å–∏—è –ø—Ä–æ–≥—Ä–∞–º–º–∏—Å—Ç–∞ –ø–µ—Ä—Å–ø–µ–∫—Ç–∏–≤–Ω–∞,–ª–µ–≥–∫–æ,–Ø –Ω–µ —É–º–µ–ª –ø—Ä–æ–≥—Ä–∞–º–º–∏—Ä–æ–≤–∞—Ç—å,—Å—Ä–µ–¥–Ω–µ,,–ª–µ–≥–∫–æ,—Å—Ä–µ–¥–Ω–µ,—Å–ª–æ–∂–Ω–æ,—Å—Ä–µ–¥–Ω–µ,–†–∏—Å–æ–≤–∞–Ω–∏–µ –∏ –ø—Ä–æ–≥—Ä–∞–º–º–∏—Ä–æ–≤–∞–Ω–∏–µ,–†–∏—Å–æ–≤–∞–Ω–∏–µ–º,–Ø –Ω–∞—á–∞–ª –∏–∑—É—á–∞—Ç—å –ø—Ä–æ–≥—Ä–∞–º–º–∏—Ä–æ–≤–∞–Ω–∏–µ,20,50,20,"—Å–∫–æ—Ä–µ–µ –¥–∞, —á–µ–º –Ω–µ—Ç;","–ú–Ω–æ–≥–æ –∏ –¥–æ—Å—Ç—É–ø–Ω–æ –æ–±—ä—è—Å–Ω—è–µ—Ç,  –Ω–æ –∏ –º–Ω–æ–≥–æ —Å–ø—Ä–∞—à–∏–≤–∞–µ—Ç","–Ø –ø–æ–Ω—è–ª, —á—Ç–æ —Ä–∞–±–æ—Ç–∞—Ç—å –ø—Ä–æ–≥—Ä–∞–º–º–∏—Å—Ç–æ–º —Ç—è–∂–µ–ª–µ–µ, —á–µ–º –∫–∞–∂–µ—Ç—Å—è",–Ø –±—ã —Ö–æ—Ç–µ–ª –±—ã—Ç—å –±–æ–ª–µ–µ —Å–æ—Å—Ä–µ–¥–æ—Ç–æ—á–µ–Ω–Ω—ã–º,–Ø –±—ã —Ö–æ—Ç–µ–ª –±—ã—Ç—å –±–æ–ª–µ–µ —Å–æ—Å—Ä–µ–¥–æ—Ç–æ—á–µ–Ω–Ω—ã–º,–ù–∏—á–µ–≥–æ,"–Ω–µ—Ç, –Ω–æ –≤—ã–±–µ—Ä—É —Å–º–µ–∂–Ω—É—é –ø—Ä–æ—Ñ–µ—Å—Å–∏—é","–∫–æ–Ω–µ—á–Ω–æ,  –Ω–µ—Ç",–ù–µ —Ö–æ—Ç–µ–ª,3,–ü—Ä–æ–≥—Ä–∞–º–º–Ω–∞—è –∏–Ω–∂–µ–Ω–µ—Ä–∏—è
31.10.2022 14:45:02,,"–ú–Ω–µ –Ω—Ä–∞–≤–∏–ª–æ—Å—å —Ä–µ—à–∞—Ç—å –∑–∞–¥–∞—á–∏, –∏—Å—Å–ª–µ–¥–æ–≤–∞—Ç—å –∏—Ö –∏ –∫–æ–¥–∏—Ä–æ–≤–∞—Ç—å. –ò –ø—Ä–æ—Ñ–µ—Å—Å–∏—è –ø—Ä–æ–≥—Ä–∞–º–º–∏—Å—Ç–∞ –¥–æ–≤–æ–ª—å–Ω–æ –ø—Ä–∏–±—ã–ª—å–Ω–∞. ",—Å–ª–æ–∂–Ω–æ,"Pascal, C++/C, python",—Å—Ä–µ–¥–Ω–µ,,—Å—Ä–µ–¥–Ω–µ,–ª–µ–≥–∫–æ,—Å–ª–æ–∂–Ω–æ,—Å—Ä–µ–¥–Ω–µ,"–ú–∞—Ç–µ–º–∞—Ç–∏–∫–æ–π, –∑—É—á–∞—Ç—å –Ω–æ–≤—ã–µ –º–∞—Ç–µ—Ä–∏–∞–ª—ã, –∏—Å–∫—É—Å—Å—Ç–≤–µ–Ω–Ω—ã–π –∏–Ω—Ç–µ–ª–ª–µ–∫—Ç, –æ—Ç–¥—ã—Ö–∞—Ç—å","–ú–∞—Ç–µ–º–∞—Ç–∏–∫–æ–π, —Ä–µ—à–µ–Ω–∏–µ –∫–æ–Ω—Ç–µ—Å—Ç–æ–≤ –ø–æ –ø—Ä–æ–≥—Ä–∞–º–º–∏—Ä–æ–≤–∞–Ω–∏—é",–í–æ –≤—Ä–µ–º—è –æ–±—É—á–µ–Ω–∏—è –æ—Ç–∫—Ä—ã–ª–∏—Å—å –Ω–æ–≤—ã–µ –≤–æ–∑–º–æ–∂–Ω–æ—Å—Ç–∏,"–ù–µ —É—á–∏—Ç—ã–≤–∞—è –ø—Ä–µ–±—ã–≤–∞–Ω–∏–µ –Ω–∞ –∑–∞–Ω—è—Ç–∏—è—Ö - 20 —á–∞—Å–æ–≤, –ø—Ä–∏–º–µ—Ä–Ω–æ –ø–æ 2-3 —á–∞—Å–∞ –≤ –¥–µ–Ω—å",–ü—Ä–∏–º–µ—Ä–Ω–æ 24% –º–æ–µ–≥–æ –≤—Ä–µ–º–µ–Ω–∏,"30 —á–∞—Å–æ–≤ –≤ –Ω–µ–¥–µ–ª—é, –±–µ–∑ —É—á–µ—Ç–∞ —Å–Ω–∞","—Å–∫–æ—Ä–µ–µ –¥–∞, —á–µ–º –Ω–µ—Ç;","–ú–Ω–æ–≥–æ –∏ –¥–æ—Å—Ç—É–ø–Ω–æ –æ–±—ä—è—Å–Ω—è–µ—Ç,  –Ω–æ –∏ –º–Ω–æ–≥–æ —Å–ø—Ä–∞—à–∏–≤–∞–µ—Ç","–≠—Ç–∞ –ø—Ä–æ—Ñ–µ—Å—Å–∏—è –¥–æ–≤–æ–ª—å–Ω–æ —Å–ª–æ–∂–Ω–∞ –≤ –æ—Å–≤–æ–µ–Ω–∏–∏, –Ω–æ –∏–Ω—Ç–µ—Ä–µ—Å–Ω–∞ –∏ —Å—Ç–æ–∏—Ç —Å—Ç—Ä–µ–º–∏—Ç—å—Å—è –æ—Å–≤–æ–∏—Ç—å –µ—ë","–ë–æ–ª—å—à–µ –≤—Ä–µ–º–µ–Ω–∏ –Ω–∞ —É—Å–≤–æ–µ–Ω–∏–µ –º–∞—Ç–µ—Ä–∏–∞–ª–∞. –ü–æ—Ä–æ–π –Ω–µ–¥–æ—Å—Ç–∞—Ç–æ—á–Ω–æ –≤—Ä–µ–º–µ–Ω–∏, —á—Ç–æ–±—ã —Ä–∞–∑–æ–±—Ä–∞—Ç—å—Å—è –≤ —Ç–µ–º–µ, –¥–∞ –µ—â—ë –∏ —Å–¥–µ–ª–∞—Ç—å/—Å–¥–∞—Ç—å –∑–∞–¥–∞–Ω–∏–µ",–ë–µ–∑ –∫–æ–º–º–µ–Ω—Ç–∞—Ä–∏–µ–≤,"–ë–æ–ª—å—à–µ –æ–ø—ã—Ç–∞ –ø—Ä–æ–≥—Ä–∞–º–º–∏—Ä–æ–≤–∞–Ω–∏—è, —Å—Ç–∏–ø–µ–Ω–¥–∏—è",–¥–∞,"–∫–æ–Ω–µ—á–Ω–æ,  –Ω–µ—Ç",–ë–µ–∑ –∫–æ–º–º–µ–Ω—Ç–∞—Ä–∏–µ–≤,3,–ü—Ä–æ–≥—Ä–∞–º–º–Ω–∞—è –∏–Ω–∂–µ–Ω–µ—Ä–∏—è
02.11.2022 12:55:02,,–ú–Ω–µ –Ω—Ä–∞–≤–∏–ª–æ—Å—å –ø—Ä–æ–≥—Ä–∞–º–º–∏—Ä–æ–≤–∞—Ç—å –≤ —à–∫–æ–ª–µ + —ç—Ç–æ –ø—Ä–∏–±—ã–ª—å–Ω–∞—è –∏ –ø—Ä–µ—Å—Ç–∏–∂–Ω–∞—è –ø—Ä–æ—Ñ–µ—Å—Å–∏—è ,—Å—Ä–µ–¥–Ω–µ,Pascal,—Å–ª–æ–∂–Ω–æ,,—Å—Ä–µ–¥–Ω–µ,—Å—Ä–µ–¥–Ω–µ,—Å–ª–æ–∂–Ω–æ,–ª–µ–≥–∫–æ,"–ß—Ç–µ–Ω–∏–µ–º –º–∞–Ω–≥–∏, –ø—Ä–æ—Å–º–æ—Ç—Ä–æ–º –¥–æ—Ä–∞–º","–ß—Ç–µ–Ω–∏–µ–º –º–∞–Ω–≥–∏, –ø—Ä–æ—Å–º–æ—Ç—Ä–æ–º –¥–æ—Ä–∞–º",–ú–æ–∏ –∏–Ω—Ç–µ—Ä–µ—Å—ã –Ω–µ –∏–∑–º–µ–Ω–∏–ª–∏—Å—å ,47,80,35,"—Å–∫–æ—Ä–µ–µ –¥–∞, —á–µ–º –Ω–µ—Ç;","–ú–Ω–æ–≥–æ –∏ –¥–æ—Å—Ç—É–ø–Ω–æ –æ–±—ä—è—Å–Ω—è–µ—Ç,  –Ω–æ –∏ –º–Ω–æ–≥–æ —Å–ø—Ä–∞—à–∏–≤–∞–µ—Ç","–Ø –ø–æ–Ω—è–ª–∞, —á—Ç–æ –ø—Ä–æ–≥—Ä–∞–º–º–∏—Å—Ç –Ω–µ —Ç–æ–ª—å–∫–æ –ø–∏—à–µ—Ç –∫–æ–¥, –Ω–æ –∏ –≤—ã–ø–æ–ª–Ω—è–µ—Ç –±–æ–ª—å—à–æ–µ –∫–æ–ª–∏—á–µ—Å—Ç–≤–æ –¥—Ä—É–≥–∏—Ö –∑–∞–¥–∞–Ω–∏–π. –ö–∞–∫ –æ–∫–∞–∑–∞–ª–æ—Å—å –∫–æ–¥–∏–Ω–≥ - —ç—Ç–æ –º–∞–ª–∞—è —á–∞—Å—Ç—å –º–æ–∏—Ö –æ–±—è–∑–∞–Ω–Ω–æ—Å—Ç–µ–π ","–Ø –±—ã —Ö–æ—Ç–µ–ª–∞, —á—Ç–æ–±—ã –º–µ—Ç–æ–¥–∏—á–∫–∏ –∫ –ª–∞–±–æ—Ä–∞—Ç–æ—Ä–Ω—ã–º –±—ã–ª–∏ –∞–∫—Ç—É–∞–ª—å–Ω—ã. –ö–æ–≥–¥–∞ —è –¥–µ–ª–∞—é –∑–∞–¥–∞–Ω–∏–µ –¥–æ–º–∞ –∏ –≤—ã–ø–æ–ª–Ω—è—é –ø–æ—Å–ª–µ–¥–æ–≤–∞—Ç–µ–ª—å–Ω–æ—Å—Ç—å —à–∞–≥–æ–≤ –ø–æ –º–µ—Ç–æ–¥–∏—á–∫–µ —Ä–µ–∞–ª—å–Ω–æ—Å—Ç—å —Ä–∞—Å—Ö–æ–¥–∏—Ç—Å—è —Å —Ç–µ–º —á—Ç–æ –Ω–∞–ø–∏—Å–∞–Ω–æ, –≤ –ò–Ω—Ç–µ—Ä–Ω–µ—Ç–µ –∏–Ω–æ–≥–¥–∞ –ø—Ä–æ—Å—Ç–æ –Ω–µ—Ç –∏–Ω—Ñ–æ—Ä–º–∞—Ü–∏–∏ –ø–æ —É–∑–∫–æ–Ω–∞–ø—Ä–∞–≤–ª–µ–Ω–Ω—ã–º –¥–∏—Å—Ü–∏–ø–ª–∏–Ω–∞–º, –∞ –≤ —Ä–∞–º–∫–∞—Ö –∑–∞–Ω—è—Ç–∏—è —è –Ω–µ –≤—Å–µ–≥–¥–∞ —É—Å–ø–µ–≤–∞—é —Å–ø—Ä–æ—Å–∏—Ç—å –≤—Å–µ, —á—Ç–æ –º–µ–Ω—è –∏–Ω—Ç–µ—Ä–µ—Å—É–µ—Ç","–Ø –±—ã —Ö–æ—Ç–µ–ª–∞, —á—Ç–æ–±—ã —ç—Ç–∏ –¥–∏—Å—Ü–∏–ø–ª–∏–Ω—ã –æ—Ç–Ω–∏–º–∞–ª–∏ —É –º–µ–Ω—è –º–µ–Ω—å—à–µ –≤—Ä–µ–º–µ–Ω–∏, –ø–æ—Ç–æ–º—É —á—Ç–æ —á–∞—Å—Ç–æ –ø—Ä–µ–ø–æ–¥–∞–≤–∞—Ç–µ–ª–∏ —Ç—Ä–µ–±—É—é—Ç –≤—ã–ø–æ–ª–Ω—è—Ç—å –±–æ–ª—å—à–æ–π –æ–±—ä–µ–º –∑–∞–¥–∞–Ω–∏–π –∏ —É –º–µ–Ω—è –Ω–µ –æ—Å—Ç–∞–µ—Ç—Å—è –≤—Ä–µ–º–µ–Ω–∏ –Ω–∞ –ø—Ä–æ—Ñ–∏–ª—å–Ω—ã–µ –¥–∏—Å—Ü–∏–ø–ª–∏–Ω—ã","–£–¥–æ–≤–æ–ª—å—Å—Ç–≤–∏–µ, –∫–æ—Ç–æ—Ä–æ–µ —è –ø–æ–ª—É—á–∞—é, –∫–æ–≥–¥–∞ –≤–∏–∂—É, —á—Ç–æ —Å–∏–ª—ã –ø–æ—Ç—Ä–∞—á–µ–Ω—ã –Ω–µ –Ω–∞–ø—Ä–∞—Å–Ω–æ –∏ —è —Å–º–æ–≥–ª–∞ —Å–æ–∑–¥–∞—Ç—å –∫–∞—á–µ—Å—Ç–≤–µ–Ω–Ω—É—é –∏ —Ä–∞–±–æ—Ç–∞—é—â—É—é –ø—Ä–æ–≥—Ä–∞–º–º—É. –ú–Ω–µ –Ω—Ä–∞–≤–∏—Ç—Å—è –≤–∏–¥–µ—Ç—å, —á—Ç–æ –∑–Ω–∞–Ω–∏—è, –∫–æ—Ç–æ—Ä—ã–µ —è –ø–æ–ª—É—á–∞—é, –ø—Ä–∏–≥–æ–∂–¥–∞—é—Ç—Å—è –º–Ω–µ –∏ –≤ –æ–±—ã—á–Ω–æ–π –∂–∏–∑–Ω–∏",–¥–∞,"–∫–æ–Ω–µ—á–Ω–æ,  –Ω–µ—Ç",,3,–ü—Ä–æ–≥—Ä–∞–º–º–Ω–∞—è –∏–Ω–∂–µ–Ω–µ—Ä–∏—è
02.11.2022 13:22:21,,–ú–Ω–µ —ç—Ç–æ –±—ã–ª–æ –∏–Ω—Ç–µ—Ä–µ—Å–Ω–æ,—Å—Ä–µ–¥–Ω–µ,"–ù–µ –∑–Ω–∞–ª–∞, –Ω–µ —É–º–µ–ª–∞",—Å—Ä–µ–¥–Ω–µ,,–ª–µ–≥–∫–æ,—Å—Ä–µ–¥–Ω–µ,—Å–ª–æ–∂–Ω–æ,–ª–µ–≥–∫–æ,"–•—É–¥–æ–∂–µ—Å—Ç–≤–µ–Ω–Ω–∞—è –ª–∏—Ç–µ—Ä–∞—Ç—É—Ä–∞, —Ç—Ä–∏–ª–ª–µ—Ä—ã, –¥–æ—Ä–∞–º—ã","–†–∏—Å–æ–≤–∞–Ω–∏–µ, —Å–∫—Ä–∞–ø–±—É–∫–∏–Ω–≥, –≤–∏–¥–µ–æ–∏–≥—Ä—ã",–°—Ç–∞–ª–æ –º–µ–Ω—å—à–µ —Å–≤–æ–±–æ–¥–Ω–æ–≥–æ –≤—Ä–µ–º–µ–Ω–∏,48,75%,40,"—Å–∫–æ—Ä–µ–µ –¥–∞, —á–µ–º –Ω–µ—Ç;","–ú–Ω–æ–≥–æ –∏ –¥–æ—Å—Ç—É–ø–Ω–æ –æ–±—ä—è—Å–Ω—è–µ—Ç,  –Ω–æ –∏ –º–Ω–æ–≥–æ —Å–ø—Ä–∞—à–∏–≤–∞–µ—Ç","–Ø —Å—á–∏—Ç–∞–ª–∞, —á—Ç–æ –ø—Ä–æ–≥—Ä–∞–º–º–∏—Å—Ç - —ç—Ç–æ —Ç–æ—Ç, –∫—Ç–æ –∫–æ–¥–∏—Ç. –ù–æ –Ω–∞ —Å–∞–º–æ–º –¥–µ–ª–µ —ç—Ç–æ –±–æ–ª—å—à–µ. –ù—É–∂–Ω–æ –æ—Ñ–æ—Ä–º–ª—è—Ç—å –¥–æ–∫—É–º–µ–Ω—Ç–∞—Ü–∏—é, —É–º–µ—Ç—å –ø—Ä–æ–µ–∫—Ç–∏—Ä–æ–≤–∞—Ç—å, –ø—Ä–µ–¥—Å—Ç–∞–≤–ª—è—Ç—å —Å–≤–æ–π –ø—Ä–æ–µ–∫—Ç, —á–∏—Ç–∞—Ç—å —á—É–∂–æ–π –∫–æ–¥, –∏ —Ç–¥.","–ß—Ç–æ–±—ã –ø—Ä–µ–ø–æ–¥–∞–≤–∞—Ç–µ–ª–∏ –±—ã–ª–∏ –∑–∞–∏–Ω—Ç–µ—Ä–µ—Å–æ–≤–∞–Ω—ã –≤ –¥–æ–Ω–µ—Å–µ–Ω–∏–∏ –º–∞—Ç–µ—Ä–∏–∞–ª–∞ –¥–æ —Å—Ç—É–¥–µ–Ω—Ç–æ–≤ + —á—Ç–æ–±—ã –±—ã–ª–æ –±–æ–ª—å—à–µ –≤–∞—Ä–∏–∞–Ω—Ç–æ–≤ –¥–æ–ø.–æ–±—É—á–µ–Ω–∏—è + –ª–µ–∫—Ü–∏–∏ –ø–æ –ø—Ä–µ–¥–º–µ—Ç–∞–º, —Å–≤—è–∑–∞–Ω–Ω—ã–º —Å –¥–æ–∫—É–º–µ–Ω—Ç–∞—Ü–∏–µ–π, –ø–µ—Ä–µ–Ω–µ—Å—Ç–∏ –≤ –¥–∏—Å—Ç–∞–Ω—Ç + –ø–æ–∫–∞–∑—ã—Ç—å –Ω–∞ –ø–∞—Ä–∞—Ö, –∫–∞–∫ —Ç–æ—Ç –∏–ª–∏ –∏–Ω–æ–π –ø—Ä–µ–¥–º–µ—Ç —Å–≤—è–∑–∞–Ω —Å —Ä–µ–∞–ª—å–Ω–æ—Å—Ç—å—é, –∫–∞–∫ –º—ã —Å–º–æ–∂–µ–º –ø—Ä–∏–º–µ–Ω–∏—Ç—å –ø–æ–ª—É—á–µ–Ω–Ω—ã–µ –∑–Ω–∞–Ω–∏—è, –≥–¥–µ —ç—Ç–æ –ø—Ä–∏–≥–æ–¥–∏—Ç—Å—è","–ò–º–µ—Ç—å –Ω–æ—Ä–º–∞–ª—å–Ω—ã–µ, –∞–∫—Ç—É–∞–ª—å–Ω—ã–µ –∏ –ø–æ–¥—Ä–æ–±–Ω—ã–µ –º–µ—Ç–æ–¥–∏—á–∫–∏ –Ω–∞ –ø—Ä–µ–¥–º–µ—Ç–∞—Ö, —Å–≤—è–∑–∞–Ω–Ω—ã—Ö —Å –∂–µ–ª–µ–∑–æ–º –∏ —Å–µ—Ç—è–º–∏ + —á—Ç–æ–±—ã –Ω–∞ –≥—É–º–∞–Ω–∏—Ç–∞—Ä–Ω—ã–µ –ø—Ä–µ–¥–º–µ—Ç—ã —É—Ö–æ–¥–∏–ª–æ –º–µ–Ω—å—à–µ –≤—Ä–µ–º–µ–Ω–∏, —á–µ–º –Ω–∞ –æ–±—É—á–µ–Ω–∏–µ –ø—Ä–æ–≥—Ä–∞–º–º–∏—Ä–æ–≤–∞–Ω–∏—é",–í –∏—Ç–æ–≥–µ –ø—Ä–∞–≤–∏–ª—å–Ω–æ —Ä–∞–±–æ—Ç–∞—é—â–∞—è –ø—Ä–æ–≥—Ä–∞–º–º–∞,–¥–∞,"–∫–æ–Ω–µ—á–Ω–æ,  –Ω–µ—Ç",,3,–ü—Ä–æ–≥—Ä–∞–º–º–Ω–∞—è –∏–Ω–∂–µ–Ω–µ—Ä–∏—è
02.11.2022 16:34:34,,–≠—Ç–∞ —Å–ø–µ—Ü–∏–∞–ª—å–Ω–æ—Å—Ç—å –≤–æ—Å—Ç—Ä–µ–±–æ–≤–∞–Ω–∞ –Ω–∞ —Ä—ã–Ω–∫–µ.,—Å—Ä–µ–¥–Ω–µ,Pascal,—Å—Ä–µ–¥–Ω–µ,,–ª–µ–≥–∫–æ,—Å—Ä–µ–¥–Ω–µ,—Å—Ä–µ–¥–Ω–µ,—Å—Ä–µ–¥–Ω–µ,"–ß—Ç–µ–Ω–∏–µ, –ø—Ä–æ—Å–ª—É—à–∏–≤–∞–Ω–∏–µ –º—É–∑—ã–∫–∏","–ë–∞—Å–∫–µ—Ç–±–æ–ª–æ–º, –∏–≥—Ä–æ–π –Ω–∞ –≥–∏—Ç–∞—Ä–µ, —á—Ç–µ–Ω–∏–µ–º, –ø–æ—ç–∑–∏–µ–π, –∞–≤–∏–∞–º–æ–¥–µ–ª–∏—Ä–æ–≤–∞–Ω–∏–µ–º","–ò–∑-–∑–∞ —Ä–∏—Ç–º–∞ ""–¥–æ–º-–¥–æ—Ä–æ–≥–∞-—É—á—ë–±–∞-–¥–æ—Ä–æ–≥–∞-–¥–æ–º"" –∏ –∑–∞–≥—Ä—É–∂–µ–Ω–Ω–æ—Å—Ç–∏ —Å—Ç–∞–ª–æ –Ω–µ –¥–æ –∏–≥—Ä—ã –Ω–∞ –∏–Ω—Å—Ç—Ä—É–º–µ–Ω—Ç–∞—Ö –∏ –∞–∫—Ç–∏–≤–Ω—ã—Ö –≤–∏–¥–æ–≤ —Å–ø–æ—Ä—Ç–∞.",80,47,88,–∏ –¥–∞ –∏ –Ω–µ—Ç,"–ú–Ω–æ–≥–æ –∏ –¥–æ—Å—Ç—É–ø–Ω–æ –æ–±—ä—è—Å–Ω—è–µ—Ç,  –Ω–æ –∏ –º–Ω–æ–≥–æ —Å–ø—Ä–∞—à–∏–≤–∞–µ—Ç","–ü—Ä–æ–≥—Ä–∞–º–º–∏—Å—Ç –∑–∞–Ω–∏–º–∞–µ—Ç—Å—è –∫–æ–¥–∏—Ä–æ–≤–∞–Ω–∏–µ–º –Ω–µ —Ç–∞–∫ –º–Ω–æ–≥–æ –≤—Ä–µ–º–µ–Ω–∏ - –Ω–∞ —Å–æ–ø—É—Ç—Å—Ç–≤—É—é—â–∏–µ –æ–ø–µ—Ä–∞—Ü–∏–∏ (—Ä–∞–∑—Ä–∞–±–æ—Ç–∫–∞ —Ç—Ä–µ–±–æ–≤–∞–Ω–∏–π, —Ç–µ—Å—Ç–∏—Ä–æ–≤–∞–Ω–∏–µ –∏ —Ç.–¥.) —É—Ö–æ–¥–∏—Ç –±–æ–ª—å—à–µ –≤—Ä–µ–º–µ–Ω–∏. –ü—Ä–æ–≥—Ä–∞–º–º–∏—Å—Ç –Ω–µ –ø—Ä–∏–≤—è–∑–∞–Ω –∫ —è–∑—ã–∫—É –ø—Ä–æ–≥—Ä–∞–º–º–∏—Ä–æ–≤–∞–Ω–∏—è –∏ –∫–æ–¥—É: –ø—Ä–æ–≥—Ä–∞–º–º–∏—Å—Ç - —ç—Ç–æ —Å–∫–æ—Ä–µ–µ —Å—Ç–∏–ª—å –º—ã—à–ª–µ–Ω–∏—è (—Å–ø–æ—Å–æ–±–Ω–æ—Å—Ç—å –∫ –∞–Ω–∞–ª–∏–∑—É, —Å–∏—Å—Ç–µ–º–Ω–æ–º—É –º—ã—à–ª–µ–Ω–∏—é).","–ò–∑–º–µ–Ω–∏—Ç—å —Ä–∏—Ç–º, –≤–æ–∑–º–æ–∂–Ω–æ –ø—É—Ç–µ–º —Ä–∞—Å—Ç—è–≥–∏–≤–∞–Ω–∏—è –∫—É—Ä—Å–æ–≤ –Ω–∞ –±–æ–ª—å—à–µ–µ –∫–æ–ª–∏—á–µ—Å—Ç–≤–æ —Å–µ–º–µ—Å—Ç—Ä–æ–≤, —á—Ç–æ–±—ã –Ω–∞ –ª–∞–±–æ—Ä–∞—Ç–æ—Ä–Ω—É—é –æ—Ç–≤–æ–¥–∏–ª–æ—Å—å –±–æ–ª—å—à–µ –≤—Ä–µ–º–µ–Ω–∏.","–í –Ω–µ–∫–æ—Ç–æ—Ä—ã—Ö –¥–∏—Å—Ü–∏–ø–ª–∏–Ω–∞—Ö –Ω–µ —Ö–≤–∞—Ç–∞–µ—Ç –ø–ª–∞–≤–Ω–æ–≥–æ —É–≤–µ–ª–∏—á–µ–Ω–∏—è —Å–ª–æ–∂–Ω–æ—Å—Ç–∏ –∑–∞–¥–∞–Ω–∏—è. –ü–æ—Ä–æ–π —á–µ–ª–æ–≤–µ–∫–∞ –±—Ä–æ—Å–∞—é—Ç —Å—Ä–∞–∑—É –≤ –ø–µ–∫–ª–æ –ø–æ –ø—Ä–∏–Ω—Ü–∏–ø—É ""–∑–∞—Ö–æ—á–µ—Ç –∂–∏—Ç—å - –≤—ã–ø–ª—ã–≤–µ—Ç"".","–ì–æ—Ä–¥–æ—Å—Ç—å –∑–∞ –ø—Ä–æ–¥–µ–ª–∞–Ω–Ω—É—é —Ä–∞–±–æ—Ç—É, —É–≤–∞–∂–µ–Ω–∏–µ –≤ –≥–ª–∞–∑–∞—Ö –æ–∫—Ä—É–∂–∞—é—â–∏—Ö, –≤–µ—Ä–∞ –≤ —Å–≤–µ—Ç–ª–æ–µ –ø—Ä–æ–≥—Ä–∞–º–º–∏—Å—Ç—Å–∫–æ–µ –±—É–¥—É—â–µ–µ, –Ω–∞–¥–µ–∂–¥–∞ –Ω–∞ —Ç—Ä—É–¥–æ—É—Å—Ç—Ä–æ–π—Å—Ç–≤–æ –ø–æ —Å–ø–µ—Ü–∏–∞–ª—å–Ω–æ—Å—Ç–∏ –∏ –¥–∞–ª—å–Ω–µ–π—à—É—é –æ–±–µ—Å–ø–µ—á–µ–Ω–Ω—É—é –∂–∏–∑–Ω—å.",–¥–∞,–Ω–µ –∑–Ω–∞—é,,3,–ü—Ä–æ–≥—Ä–∞–º–º–Ω–∞—è –∏–Ω–∂–µ–Ω–µ—Ä–∏—è
02.11.2022 13:20:11,,–í–æ—Å—Ç—Ä–µ–±–æ–≤–∞–Ω–Ω–∞—è –∏ –∏–Ω—Ç–µ—Ä–µ—Å–Ω–∞—è –ø—Ä–æ—Ñ–µ—Å—Å–∏—è,—Å—Ä–µ–¥–Ω–µ,PascalABC,—Å—Ä–µ–¥–Ω–µ,,—Å—Ä–µ–¥–Ω–µ,—Å—Ä–µ–¥–Ω–µ,—Å–ª–æ–∂–Ω–æ,–ª–µ–≥–∫–æ,"–†–∏—Å–æ–≤–∞–Ω–∏–µ, –≤–µ–±-–¥–∏–∑–∞–π–Ω –∏ –ø—Ä–æ–≥—Ä–∞–º–º–∏—Ä–æ–≤–∞–Ω–∏–µ",–ì–∏—Ç–∞—Ä–æ–π –∏ —Ä–∏—Å–æ–≤–∞–Ω–∏–µ–º,–ù–µ —Ö–≤–∞—Ç–∞–µ—Ç –≤—Ä–µ–º–µ–Ω–∏ –Ω–∞ –≥–∏—Ç–∞—Ä—É,42,70%,–°–ª–æ–∂–Ω–æ –ø–æ—Å—á–∏—Ç–∞—Ç—å,"—Å–∫–æ—Ä–µ–µ –¥–∞, —á–µ–º –Ω–µ—Ç;","–ú–Ω–æ–≥–æ –∏ –¥–æ—Å—Ç—É–ø–Ω–æ –æ–±—ä—è—Å–Ω—è–µ—Ç,  –Ω–æ –∏ –º–Ω–æ–≥–æ —Å–ø—Ä–∞—à–∏–≤–∞–µ—Ç",–ö—Ä—É—Ç—ã–µ —á–µ–ª—ã,–ù–∏—á–µ–≥–æ,–ù–∏—á–µ–≥–æ,–•–æ—Ä–æ—à–∞—è –∫–æ–º–ø–∞–Ω–∏—è –æ–¥–Ω–æ–≥—Ä—É–ø–ø–Ω–∏–∫–æ–≤ –∏ —Å–æ–∫—É—Ä—Å–Ω–∏–∫–æ–≤,–¥–∞,"–∫–æ–Ω–µ—á–Ω–æ,  –Ω–µ—Ç",–ü—Ä–∏—Ñ—Ñ–∫–∏ ,4,–ü—Ä–æ–≥—Ä–∞–º–º–Ω–∞—è –∏–Ω–∂–µ–Ω–µ—Ä–∏—è
02.11.2022 13:44:03,,–Ø –ª—é–±–ª—é –ø—Ä–æ–≥—Ä–∞–º–º–∏—Ä–æ–≤–∞–Ω–∏–µ,–ª–µ–≥–∫–æ,"python, C#, java, js, c, git, unity, visual studio, jetbrains ide's",–ª–µ–≥–∫–æ,,—Å–ª–æ–∂–Ω–æ,–ª–µ–≥–∫–æ,–ª–µ–≥–∫–æ,—Å–ª–æ–∂–Ω–æ,"—Å–æ–∑–¥–∞–Ω–∏–µ –∏–≥—Ä, –º–∞—à–∏–Ω–Ω–æ–µ –æ–±—É—á–µ–Ω–∏–µ, –Ω–∞—É–∫–∞, —Ç–µ—Ö–Ω–æ–ª–æ–≥–∏–∏","—Å–æ–∑–¥–∞–Ω–∏–µ –∏–≥—Ä, –º–∞—à–∏–Ω–Ω–æ–µ –æ–±—É—á–µ–Ω–∏–µ, –∫–æ–º–ø—å—é—Ç–µ—Ä–Ω–∞—è –≥—Ä–∞—Ñ–∏–∫–∞, –Ω–∞—É–∫–∞, —Ç–µ—Ö–Ω–æ–ª–æ–≥–∏–∏, –ø—Ä–æ–≥—Ä–∞–º–º–∏—Ä–æ–≤–∞–Ω–∏–µ –º–∏–∫—Ä–æ–∫–æ–Ω—Ç—Ä–æ–ª–ª–µ—Ä–æ–≤, –º–∏–∫—Ä–æ—ç–ª–µ–∫—Ç—Ä–æ–Ω–∏–∫–∞",—Å—Ç–∞–ª–æ –º–µ–Ω—å—à–µ —Å–≤–æ–±–æ–¥–Ω–æ–≥–æ –≤—Ä–µ–º–µ–Ω–∏,4,5,5,"—Å–∫–æ—Ä–µ–µ –¥–∞, —á–µ–º –Ω–µ—Ç;","–î–∞–µ—Ç –º–∞–ª–æ, –Ω–æ –∏ —Å–ø—Ä–∞—à–∏–≤–∞–µ—Ç –Ω–µ–º–Ω–æ–≥–æ",–Ω–∏—á—ë –Ω–µ –ø–æ–º–µ–Ω—è–ª–æ—Å—å,"–Ω–µ —Ç—Ä–∞—Ç–∏—Ç—å –≤—Ä–µ–º—è –Ω–∞ –≥—É–º–∞–Ω–∏—Ç–∞—Ä–Ω—ã–µ –ø—Ä–µ–¥–º–µ—Ç—ã, —á—Ç–æ –º–Ω–µ –Ω–µ –∏–Ω—Ç–µ—Ä–µ—Å–Ω—ã (+—Ñ–∏–∑–∫—É–ª—å—Ç—É—Ä–∞)",-,"–∏–Ω—Ç–µ—Ä–µ—Å –∫ —Ç–æ–º—É, —á—Ç–æ –¥–µ–ª–∞—é –∏ –±–æ–ª—å—à–∞—è –∑–∞—Ä–ø–ª–∞—Ç–∞",–¥–∞,"–Ω–∞ —Ä–∞–±–æ—Ç—É, –¥–∞–π—Ç–µ —É–∂–µ –¥–∏–ø–ª–æ–º",,4,–ü—Ä–æ–≥—Ä–∞–º–º–Ω–∞—è –∏–Ω–∂–µ–Ω–µ—Ä–∏—è
02.11.2022 14:14:26,,–£ –º–µ–Ω—è —Ö–æ—Ä–æ—à–æ –ø–æ–ª—É—á–∞–ª–æ—Å—å –ø—Ä–æ–≥—Ä–∞–º–º–∏—Ä–æ–≤–∞—Ç—å –≤ —à–∫–æ–ª–µ,–ª–µ–≥–∫–æ,–ü–∞—Å–∫–∞–ª—å (–Ω–µ–º–Ω–æ–≥–æ),–ª–µ–≥–∫–æ,,—Å–ª–æ–∂–Ω–æ,—Å—Ä–µ–¥–Ω–µ,–ª–µ–≥–∫–æ,—Å—Ä–µ–¥–Ω–µ,–†–∏—Å–æ–≤–∞–Ω–∏–µ,–†–∏—Å–æ–≤–∞–Ω–∏–µ ,"–ù–µ –∏–∑–º–µ–Ω–∏–ª–∏—Å—å, —Ä–∏—Å–æ–≤–∞–Ω–∏–µ —ç—Ç–æ –∫—Ä—É—Ç–æ ",–ù–µ –∑–Ω–∞—é ,60,–ù–µ –∑–Ω–∞—é ,"—Å–∫–æ—Ä–µ–µ –¥–∞, —á–µ–º –Ω–µ—Ç;","–ú–Ω–æ–≥–æ –∏ –¥–æ—Å—Ç—É–ø–Ω–æ –æ–±—ä—è—Å–Ω—è–µ—Ç,  –Ω–æ –∏ –º–Ω–æ–≥–æ —Å–ø—Ä–∞—à–∏–≤–∞–µ—Ç","–ü–æ—è–≤–∏–ª–æ—Å—å –±–æ–ª–µ–µ –≥–ª—É–±–æ–∫–æ–µ –ø–æ–Ω–∏–º–∞–Ω–∏–µ —Ç–æ–≥–æ, —á—Ç–æ –ø–æ–Ω–∏–º–∞–µ—Ç—Å—è –ø–æ–¥ ""–ø—Ä–æ–≥—Ä–∞–º–º–∏—Ä–æ–≤–∞–Ω–∏–µ–º"", –ø–æ—è–≤–∏–ª–æ—Å—å –ø—Ä–µ–¥—Å—Ç–∞–≤–ª–µ–Ω–∏–µ –æ —Ä–∞–∑–ª–∏—á–Ω—ã—Ö –≤–∏–¥–∞—Ö –ø—Ä–æ–≥—Ä–∞–º–º–∏—Å—Ç–æ–≤. –£–º–µ–Ω–∏—è –ø—Ä–æ–≥—Ä–∞–º–º–∏—Å—Ç–∞ –æ—Ç–∫—Ä—ã–≤–∞—é—Ç –Ω–æ–≤—ã–µ –≤–æ–∑–º–æ–∂–Ω–æ—Å—Ç–∏ –¥–ª—è —Ç–≤–æ—Ä—á–µ—Å—Ç–≤–∞.","–£–±—Ä–∞—Ç—å —Å–ª–∏—à–∫–æ–º —Å–ø–µ—Ü–∏—Ñ–∏—á–Ω—ã–µ –ø—Ä–µ–¥–º–µ—Ç—ã, —Å–≤—è–∑–∞–Ω–Ω—ã–µ —Å –ø—Ä–æ–≥—Ä–∞–º–º–∏—Ä–æ–≤–∞–Ω–∏–µ–º –ª–∏—à—å –∫–æ—Å–≤–µ–Ω–Ω–æ.",–ü—Ä–µ–ø–æ–¥–∞–≤–∞—Ç–µ–ª—è–º —Å—Ç–æ–∏—Ç –ø–æ–Ω–∏–º–∞—Ç—å –ø—Ä–∏–æ—Ä–∏—Ç–µ—Ç —Å–≤–æ–µ–≥–æ –ø—Ä–µ–¥–º–µ—Ç–∞ –Ω–∞ –∫–∞–∂–¥–æ–º –∏–∑ –Ω–∞–ø—Ä–∞–≤–ª–µ–Ω–∏–π —Å—Ç—É–¥–µ–Ω—Ç–æ–≤ –∏ –∫–æ—Ä—Ä–µ–∫—Ç–∏—Ä–æ–≤–∞—Ç—å –Ω–∞–≥—Ä—É–∑–∫—É —Å–æ–æ—Ç–≤–µ—Ç—Å—Ç–≤–µ–Ω–Ω–æ.,"–ù–æ–≤—ã–µ —É–º–µ–Ω–∏—è, –æ—Ç–∫—Ä—ã–≤–∞—é—â–∏–µ –Ω–æ–≤—ã–µ –≤–æ–∑–º–æ–∂–Ω–æ—Å—Ç–∏ –¥–ª—è —Ä–µ–∞–ª–∏–∑–∞—Ü–∏–∏ –∏–¥–µ–π ",–¥–∞,"–∫–æ–Ω–µ—á–Ω–æ,  –Ω–µ—Ç",,4,–ü—Ä–æ–≥—Ä–∞–º–º–Ω–∞—è –∏–Ω–∂–µ–Ω–µ—Ä–∏—è
02.11.2022 17:27:02,,–ë—ã–ª–∞ –∏–Ω—Ç–µ—Ä–µ—Å–Ω–∞ —ç—Ç–∞ –æ–±–ª–∞—Å—Ç—å,—Å—Ä–µ–¥–Ω–µ,"–ü–∞—Å–∫–∞–ª—å, —Ä–æ–±–æ—Ç-—á–µ—Ä—Ç–µ–∂–Ω–∏–∫",—Å—Ä–µ–¥–Ω–µ,,—Å—Ä–µ–¥–Ω–µ,—Å—Ä–µ–¥–Ω–µ,—Å–ª–æ–∂–Ω–æ,—Å—Ä–µ–¥–Ω–µ,"–¶–≤–µ—Ç—ã, –º—É–∑—ã–∫–∞, —Å–ø–æ—Ä—Ç","–ú—É–∑—ã–∫–∞, —Ñ–∏–∑–∏–∫–∞, –∫–æ—Å–º–æ—Å","–°—Ç–∞–ª–æ –º–µ–Ω—å—à–µ —Å–≤–æ–±–æ–¥–Ω–æ–≥–æ –≤—Ä–µ–º–µ–Ω–∏, –ø–µ—Ä–µ—Å—Ç–∞–ª–æ –∏–Ω—Ç–µ—Ä–µ—Å–æ–≤–∞—Ç—å","–ù–µ –∑–Ω–∞—é, –Ω–æ –ø–æ –æ—â—É—â–µ–Ω–∏—é –º–Ω–æ–≥–æ","–ù–µ –∑–Ω–∞—é, –Ω–æ –ø–æ –æ—â—É—â–µ–Ω–∏—é –º–Ω–æ–≥–æ",24,"—Å–∫–æ—Ä–µ–µ –Ω–µ—Ç,  —á–µ–º –¥–∞","–î–∞–µ—Ç –º–∞–ª–æ, –Ω–æ –∏ —Å–ø—Ä–∞—à–∏–≤–∞–µ—Ç –Ω–µ–º–Ω–æ–≥–æ",–ü–æ—á—Ç–∏ –Ω–µ–≤–æ–∑–º–æ–∂–Ω–æ —Å—Ç–∞—Ç—å —Ö–æ—Ä–æ—à–∏–º —Å–ø–µ—Ü–∏–∞–ª–∏—Å—Ç–æ–º –≤ –Ω–µ—Å–∫–æ–ª—å–∫–∏—Ö –æ–±–ª–∞—Å—Ç—è—Ö.,–í—ã–¥–µ–ª—è—Ç—å –Ω–∞ —ç—Ç–æ –±–æ–ª—å—à–µ –≤—Ä–µ–º–µ–Ω–∏,–ë–æ–ª—å—à–µ –ø—Ä–∞–∫—Ç–∏–∫–∏ –∏ –∏–Ω—Ç–µ—Ä–µ—Å–Ω—ã—Ö –ø—Ä–µ–¥–º–µ—Ç–æ–≤ –ø–æ —Ç–∏–ø—É –º–∞—à–∏–Ω–Ω–æ–≥–æ –æ–±—É—á–µ–Ω–∏—è,"–í—ã—Å–æ–∫–∞—è –∑–∞—Ä–ø–ª–∞—Ç–∞, –≤–æ–∑–º–æ–∂–Ω–æ—Å—Ç—å —Ä–∞–±–æ—Ç–∞—Ç—å –≤ –∫—Ä—É–ø–Ω—ã—Ö IT –∫–æ–º–ø–∞–Ω–∏—è—Ö",–¥–∞,–ö–æ–≥–¥–∞ –∫–∞–∫,–í–æ–ø—Ä–æ—Å –ø—Ä–æ –∑–∞—Ç—Ä–∞—á–∏–≤–∞–µ–º–æ–µ –≤—Ä–µ–º—è –Ω–∞ —É—á—ë–±—É –Ω–µ–ø–æ–Ω—è—Ç–Ω—ã–π. –ù–∞–¥–æ –ª–∏ —É—á–∏—Ç—ã–≤–∞—Ç—å –≤—Ä–µ–º—è –Ω–∞ –ø–∞—Ä–∞—Ö? ,4,–ü—Ä–æ–≥—Ä–∞–º–º–Ω–∞—è –∏–Ω–∂–µ–Ω–µ—Ä–∏—è
25.10.2022 22:19:19,,–ò–Ω—Ç–µ—Ä–µ—Å–Ω–æ,—Å—Ä–µ–¥–Ω–µ,C++,–ª–µ–≥–∫–æ,,—Å—Ä–µ–¥–Ω–µ,—Å—Ä–µ–¥–Ω–µ,–ª–µ–≥–∫–æ,–ª–µ–≥–∫–æ,"–ò–∑—É—á–µ–Ω–∏–µ –Ω–æ–≤—ã—Ö —Ç–µ—Ö–Ω–æ–ª–æ–≥–∏–π, –ø—É—Ç–µ—à–µ—Å—Ç–≤–∏—è",–°–ø–æ—Ä—Ç–æ–º,–•–æ—á–µ—Ç—Å—è —Ä–∞—Å—à–∏—Ä—è—Ç—å –≥–æ—Ä–∏–∑–æ–Ω—Ç—ã,26,40,10,"—Å–∫–æ—Ä–µ–µ –¥–∞, —á–µ–º –Ω–µ—Ç;","–ú–Ω–æ–≥–æ –∏ –¥–æ—Å—Ç—É–ø–Ω–æ –æ–±—ä—è—Å–Ω—è–µ—Ç,  –Ω–æ –∏ –º–Ω–æ–≥–æ —Å–ø—Ä–∞—à–∏–≤–∞–µ—Ç","–ù–∏–∫–∞–∫. –ü–æ—Å–ª–µ –Ω–∞—á–∞–ª–∞ —Ä–∞–±–æ—Ç—ã –ø–æ–Ω—è–ª, —á—Ç–æ –ø—Ä–æ–≥—Ä–∞–º–º–∏—Ä–æ–≤–∞–Ω–∏–µ —ç—Ç–æ –Ω–µ —Ä—É—Ç–∏–Ω–∞, –∞ –∏—Å–∫—É—Å—Å—Ç–≤–æ","–î–æ–±–∞–≤–∏—Ç—å –ø—Ä–∞–∫—Ç–∏–∫–∏ –Ω–∞ –ø—Ä–æ–µ–∫—Ç–∞—Ö, –ø—Ä–∏–±–ª–∏–∂–µ–Ω–Ω—ã—Ö –∫ —Ä–µ–∞–ª—å–Ω—ã–º. –£–º–µ–Ω—å—à–∏—Ç—å –∫–æ–ª-–≤–æ —Ç—Ä–∏–≤–∏–∞–ª—å–Ω—ã–π –∑–∞–¥–∞—á—å",–£–º–µ–Ω—å—à–∏—Ç—å –∫–æ–ª-–≤–æ —á–∞—Å–æ–≤. –õ–∏–±–æ —É–ø—Ä–∞–∑–¥–Ω–∏—Ç—å —ç–∫–∑–∞–º–µ–Ω–∞—Ü–∏—è –ø–æ –Ω–∏–º,"–ü–æ–≤—ã—à–µ–Ω–∏—è —Å–ø–æ—Å–æ–±–Ω–æ—Å—Ç–µ–π –Ω–µ—Å—Ç–∞–Ω–¥–∞—Ä—Ç–Ω–æ –º—ã—Å–ª–∏—Ç—å, –∞ —Ç–∞–∫–∂–µ –º–∞—Ç–µ—Ä–∏–∞–ª—å–Ω–∞—è –≤—ã–≥–æ–¥–∞",–£–∂–µ –≤ –∫–æ–º–º–µ—Ä—Ü–∏–∏ 3 –≥–æ–¥–∞,"–∫–æ–Ω–µ—á–Ω–æ,  –Ω–µ—Ç",,5,–ü—Ä–æ–≥—Ä–∞–º–º–Ω–∞—è –∏–Ω–∂–µ–Ω–µ—Ä–∏—è
28.10.2022 21:09:26,,–¢–∞–º –Ω–µ—Ç —Ö–∏–º–∏–∏,—Å–ª–æ–∂–Ω–æ,–ù–∏—á–µ–≥–æ –Ω–µ —É–º–µ–ª(–∞),—Å—Ä–µ–¥–Ω–µ,,–ª–µ–≥–∫–æ,–ª–µ–≥–∫–æ,–ª–µ–≥–∫–æ,—Å–ª–æ–∂–Ω–æ,–ü—Ä–æ–≥—Ä–∞–º–º–∏—Ä–æ–≤–∞–Ω–∏–µ,–ú—É–∑—ã–∫–æ–π,–ù–µ—Ç –≤—Ä–µ–º–µ–Ω–∏ –Ω–∏ –Ω–∞ —á—Ç–æ –∫—Ä–æ–º–µ —Ä–∞–±–æ—Ç—ã –∏ —É—á–µ–±—ã,20,30,30,"—Å–∫–æ—Ä–µ–µ –¥–∞, —á–µ–º –Ω–µ—Ç;","–ú–Ω–æ–≥–æ –∏ –¥–æ—Å—Ç—É–ø–Ω–æ –æ–±—ä—è—Å–Ω—è–µ—Ç,  –Ω–æ –∏ –º–Ω–æ–≥–æ —Å–ø—Ä–∞—à–∏–≤–∞–µ—Ç","–í–∞–∂–Ω–æ–µ –Ω–µ —É–º–µ–Ω–∏–µ —É—á–∏—Ç—å, –∞ —É–º–µ–Ω–∏–µ —Ä–∞–∑–±–∏—Ä–∞—Ç—å—Å—è",–ë–æ–ª—å—à–µ —Å–æ–≤—Ä–µ–º–µ–Ω–Ω—ã—Ö —Ç–µ—Ö–Ω–æ–ª–æ–≥–∏–π –∏ –ø—Ä–∞–∫—Ç–∏–∫,–ù–∏—á–µ–≥–æ,–ò–Ω—Ç–µ—Ä–µ—Å–Ω—ã–µ –∑–∞–¥–∞—á–∏ –∏ —Ä–µ—à–µ–Ω–∏—è,–¥–∞,"–∫–æ–Ω–µ—á–Ω–æ,  –Ω–µ—Ç",,5,–ü—Ä–æ–≥—Ä–∞–º–º–Ω–∞—è –∏–Ω–∂–µ–Ω–µ—Ä–∏—è
28.10.2022 21:15:43,,"–ü—Ä–æ–≥—Ä–∞–º–º–∏—Ä–æ–≤–∞–Ω–∏–µ - –º–æ—ë —Å–∞–º–æ–µ –∏–Ω—Ç–µ—Ä–µ—Å–Ω–æ–µ –∑–∞–Ω—è—Ç–∏–µ, –ª—é–±–∏–º–æ–µ —Ö–æ–±–±–∏",–ª–µ–≥–∫–æ,"Pascal, Python, C#",–ª–µ–≥–∫–æ,,—Å–ª–æ–∂–Ω–æ,—Å—Ä–µ–¥–Ω–µ,–ª–µ–≥–∫–æ,—Å–ª–æ–∂–Ω–æ,"–†–∞–∑—Ä–∞–±–æ—Ç–∫–∞ –∫–æ–º–ø—å—é—Ç–µ—Ä–Ω—ã—Ö –∏–≥—Ä –Ω–∞ –¥–≤–∏–∂–∫–µ Unity, —Ä–∞–∑—Ä–∞–±–æ—Ç–∫–∞ –≥–µ–Ω–µ—Ä–∞—Ç–æ—Ä–æ–≤ —É—Ä–æ–≤–Ω–µ–π –¥–ª—è —Ä–∞–∑–ª–∏—á–Ω—ã—Ö –∏–≥—Ä","–û–ª–∏–º–ø–∏–∞–¥–Ω—ã–º –ø—Ä–æ–≥—Ä–∞–º–º–∏—Ä–æ–≤–∞–Ω–∏–µ–º, —Ä–∞–∑—Ä–∞–±–æ—Ç–∫–æ–π —Ä–∞–∑–≤–∏–≤–∞—é—â–∏—Ö –∫–æ–º–ø—å—é—Ç–µ—Ä–Ω—ã—Ö –∏–≥—Ä –¥–ª—è –¥–µ—Ç–µ–π","–†–µ—à–∏–ª –∑–∞–Ω–∏–º–∞—Ç—å—Å—è —Ç–µ–º, —á—Ç–æ –º–æ–∂–µ—Ç –ø—Ä–∏–Ω–µ—Å—Ç–∏ –ø–æ–ø—É–ª—è—Ä–Ω–æ—Å—Ç—å –∏ –¥–∞—Ç—å –≤–æ–∑–º–æ–∂–Ω–æ—Å—Ç—å –Ω–∞–π—Ç–∏ –ø–æ–¥—Ö–æ–¥—è—â—É—é —Ä–∞–±–æ—Ç—É –ø–æ –∏–Ω—Ç–µ—Ä–µ—Å–∞–º",8,25,16,"—Å–∫–æ—Ä–µ–µ –¥–∞, —á–µ–º –Ω–µ—Ç;","–î–∞–µ—Ç –º–∞–ª–æ, –Ω–æ –∏ —Å–ø—Ä–∞—à–∏–≤–∞–µ—Ç –Ω–µ–º–Ω–æ–≥–æ","–ù–∞–∏–±–æ–ª–µ–µ –≤–∞–∂–Ω–æ –∏–∑—É—á–∞—Ç—å –Ω–µ —Ç–µ —Å—Ñ–µ—Ä—ã –ø—Ä–æ–≥—Ä–∞–º–º–∏—Ä–æ–≤–∞–Ω–∏—è, –∫–æ—Ç–æ—Ä—ã–µ –∏–Ω—Ç–µ—Ä–µ—Å–Ω—ã –≤ –∫–∞—á–µ—Å—Ç–≤–µ —Ö–æ–±–±–∏, –∞ –∏–∑—É—á–∞—Ç—å —Ç–æ, —á—Ç–æ –Ω–∞–∏–±–æ–ª–µ–µ –≤–æ—Å—Ç—Ä–µ–±–æ–≤–∞–Ω–æ",–ù–∏—á–µ–≥–æ,–ù–∏—á–µ–≥–æ,–í–æ–∑–º–æ–∂–Ω–æ—Å—Ç—å —Å–æ–∑–¥–∞–≤–∞—Ç—å –ª—é–±—ã–µ –ø—Ä–æ–≥—Ä–∞–º–º—ã –ø–æ–¥ —Å–≤–æ–∏ –Ω—É–∂–Ω—ã –∏ –ø–æ–¥ –Ω—É–∂–¥—ã –∑–Ω–∞–∫–æ–º—ã—Ö,–¥–∞,"–∫–æ–Ω–µ—á–Ω–æ,  –Ω–µ—Ç",,5,–ü—Ä–æ–≥—Ä–∞–º–º–Ω–∞—è –∏–Ω–∂–µ–Ω–µ—Ä–∏—è
28.10.2022 21:19:25,,–Ω—Ä–∞–≤–∏—Ç—Å—è,–ª–µ–≥–∫–æ,–Ω–µ —É–º–µ–ª,–ª–µ–≥–∫–æ,,–ª–µ–≥–∫–æ,–ª–µ–≥–∫–æ,–ª–µ–≥–∫–æ,—Å—Ä–µ–¥–Ω–µ,"–Ω–∞—Å—Ç–æ–ª—å–Ω—ã–µ –∏–≥—Ä—ã
–∫–æ–º–ø—å—é—Ç–µ—Ä–Ω—ã–µ –∏–≥—Ä—ã","–Ω–∞—Å—Ç–æ–ª—å–Ω—ã–µ –∏–≥—Ä—ã
–∫–æ–º–ø—å—é—Ç–µ—Ä–Ω—ã–µ –∏–≥—Ä—ã",–Ω–µ –∏–∑–º–µ–Ω–∏–ª–∏—Å—å,101,60%,1,"—Å–∫–æ—Ä–µ–µ –¥–∞, —á–µ–º –Ω–µ—Ç;","–î–∞–µ—Ç –º–∞–ª–æ, –Ω–æ –∏ —Å–ø—Ä–∞—à–∏–≤–∞–µ—Ç –Ω–µ–º–Ω–æ–≥–æ",–Ω–µ –ø–æ–º–µ–Ω—è–ª,—É—Ä–æ–≤–µ–Ω—å –ø–æ–¥–≥–æ—Ç–æ–≤–∫–∏ —É—á–µ–±–Ω–æ–≥–æ –∫—É—Ä—Å–∞ –ø–æ –Ω–µ–∫–æ—Ç–æ—Ä—ã–º –ø—Ä–µ–¥–º–µ—Ç–∞–º,—É—Ä–æ–≤–µ–Ω—å –ø–æ–¥–≥–æ—Ç–æ–≤–∫–∏ —É—á–µ–±–Ω–æ–≥–æ –∫—É—Ä—Å–∞ –ø–æ –Ω–µ–∫–æ—Ç–æ—Ä—ã–º –ø—Ä–µ–¥–º–µ—Ç–∞–º,–ø—Ä–µ—Å—Ç–∏–∂–Ω–æ—Å—Ç—å –ø—Ä–æ—Ñ–µ—Å—Å–∏–∏,–¥–∞,–Ω–µ –∑–Ω–∞—é,"–¥–∞, –æ–±—è–∑–∞—Ç–µ–ª—å–Ω–æ",5,–ü—Ä–æ–≥—Ä–∞–º–º–Ω–∞—è –∏–Ω–∂–µ–Ω–µ—Ä–∏—è
28.10.2022 21:21:31,,–ü–æ—Å–æ–≤–µ—Ç–æ–≤–∞–ª –¥—Ä—É–≥,—Å–ª–æ–∂–Ω–æ,Pascal,—Å—Ä–µ–¥–Ω–µ,,–ª–µ–≥–∫–æ,—Å—Ä–µ–¥–Ω–µ,–ª–µ–≥–∫–æ,–ª–µ–≥–∫–æ,"–ü—Ä–æ–≥—Ä–∞–º–º–∏—Ä–æ–≤–∞–Ω–∏–µ, –º—É–∑—ã–∫–∞, —Å–ø–æ—Ä—Ç, —à–∞—Ö–º–∞—Ç—ã","–ü—Ä–æ–≥—Ä–∞–º–º–∏—Ä–æ–≤–∞–Ω–∏–µ, –º—É–∑—ã–∫–∞, —Å–ø–æ—Ä—Ç, —à–∞—Ö–º–∞—Ç—ã",–ù–µ –∏–∑–º–µ–Ω–∏–ª–∏—Å—å,10,10,35,"—Å–∫–æ—Ä–µ–µ –Ω–µ—Ç,  —á–µ–º –¥–∞","–ú–Ω–æ–≥–æ –∏ –¥–æ—Å—Ç—É–ø–Ω–æ –æ–±—ä—è—Å–Ω—è–µ—Ç,  –Ω–æ –∏ –º–Ω–æ–≥–æ —Å–ø—Ä–∞—à–∏–≤–∞–µ—Ç","–î—É–º–∞–ª, —á—Ç–æ —è —É–º–Ω–µ–µ",–ï—â—ë –±–æ–ª—å—à–µ –ø—Ä–∞–∫—Ç–∏–∫–∏ –∏ –Ω–∞–≥–ª—è–¥–Ω—ã—Ö —É—Ä–æ–∫–æ–≤,"–ë–æ–ª—å—à–µ –ø—Ä–∞–∫—Ç–∏–∫–∏, –∂–∏–≤—ã—Ö –ø—Ä–∏–º–µ—Ä–æ–≤",–í—ã—Å–æ–∫–∞—è –æ–ø–ª–∞—Ç–∞ —Ç—Ä—É–¥–∞,–¥–∞,"–∫–æ–Ω–µ—á–Ω–æ,  –Ω–µ—Ç",,5,–ü—Ä–æ–≥—Ä–∞–º–º–Ω–∞—è –∏–Ω–∂–µ–Ω–µ—Ä–∏—è
28.10.2022 21:31:46,,–º–Ω–µ —ç—Ç–æ –∏–Ω—Ç–µ—Ä–µ—Å–Ω–æ,—Å—Ä–µ–¥–Ω–µ,–Ω–µ —É–º–µ–ª,—Å–ª–æ–∂–Ω–æ,,—Å—Ä–µ–¥–Ω–µ,—Å—Ä–µ–¥–Ω–µ,—Å–ª–æ–∂–Ω–æ,–ª–µ–≥–∫–æ,–ø—Ä–æ–≥—É–ª–∫–∏,–ø—Ä–æ–≥—É–ª–∫–∞–º–∏,–Ω–µ –∏–∑–º–µ–Ω–∏–ª–∏—Å—å,10,8,35,–∏ –¥–∞ –∏ –Ω–µ—Ç,"–ú–Ω–æ–≥–æ –∏ –¥–æ—Å—Ç—É–ø–Ω–æ –æ–±—ä—è—Å–Ω—è–µ—Ç,  –Ω–æ –∏ –º–Ω–æ–≥–æ —Å–ø—Ä–∞—à–∏–≤–∞–µ—Ç",–Ω–µ –ø–æ–º–µ–Ω—è–ª,–Ω–∏—á–µ–≥–æ,–Ω–∏—á–µ–≥–æ,–µ–≥–æ –ø–æ–ª–µ–∑–Ω–æ—Å—Ç—å,–¥–∞,"–∫–æ–Ω–µ—á–Ω–æ,  –Ω–µ—Ç",,5,–ü—Ä–æ–≥—Ä–∞–º–º–Ω–∞—è –∏–Ω–∂–µ–Ω–µ—Ä–∏—è
28.10.2022 21:52:43,,–ù–µ –±—ã–ª–æ –±–æ–ª–µ–µ –¥–æ—Å—Ç–æ–π–Ω—ã—Ö –∞–ª—å—Ç–µ—Ä–Ω–∞—Ç–∏–≤,—Å—Ä–µ–¥–Ω–µ,–ù–µ–º–Ω–æ–≥–æ –ø–∞—Å–∫–∞–ª—å,—Å—Ä–µ–¥–Ω–µ,,–ª–µ–≥–∫–æ,—Å—Ä–µ–¥–Ω–µ,—Å—Ä–µ–¥–Ω–µ,—Å—Ä–µ–¥–Ω–µ,–†–∞–±–æ—Ç–∞))) ,–í—Å–µ–º –ø–æ–Ω–µ–º–Ω–æ–≥—É,–ù–µ –∏–∑–º–µ–Ω–∏–ª–∏—Å—å ,8,5,2,–∏ –¥–∞ –∏ –Ω–µ—Ç,"–ú–Ω–æ–≥–æ –∏ –¥–æ—Å—Ç—É–ø–Ω–æ –æ–±—ä—è—Å–Ω—è–µ—Ç,  –Ω–æ –∏ –º–Ω–æ–≥–æ —Å–ø—Ä–∞—à–∏–≤–∞–µ—Ç",–ù–µ–ª—å–∑—è –∑–Ω–∞—Ç—å –≤—Å—ë –¥–∞–∂–µ –≤ –æ–¥–Ω–æ–º –Ø–ü((((((,"–£—á–∏—Ç—å—Å—è –Ω–∞ –±–æ–ª–µ–µ –ø—Ä–∞–∫—Ç–∏—á–µ—Å–∫–∏ –ø–æ–ª–µ–∑–Ω—ã—Ö –∑–∞–¥–∞–Ω–∏—è—Ö, —Ü–µ–ª—å –≤—ã–ø–æ–ª–Ω–µ–Ω–∏—è –∫–æ—Ç–æ—Ä—ã—Ö –±–æ–ª–µ–µ –æ—á–µ–≤–∏–¥–Ω–∞","–ü—Ä–æ–¥–≤–∏–Ω—É—Ç—å—Å—è –≤ –∏–∑—É—á–µ–Ω–∏–∏ –Ω–µ —Ç–æ–ª—å–∫–æ –ø—Ä–æ–≥—Ä–∞–º–º–∏—Ä–æ–≤–∞–Ω–∏—è, –Ω–æ –∏ –≤ —Ü–µ–ª–æ–º –∫–æ–º–ø—å—é—Ç–µ—Ä–Ω—ã—Ö –Ω–∞—É–∫ –Ω–∞ –±–æ–ª–µ–µ –Ω–∏–∑–∫–∏—Ö —É—Ä–æ–≤–Ω—è—Ö (–ø–æ–Ω–µ–º–Ω–æ–≥—É –≤–æ –≤—Å–µ—Ö –æ–±–ª–∞—Å—Ç—è—Ö, –Ω–∞–ø—Ä–∏–º–µ—Ä –∑–Ω–∞—Ç—å –±–æ–ª–µ–µ –∫–æ–Ω–∫—Ä–µ—Ç–Ω–æ —É—Å—Ç—Ä–æ–π—Å—Ç–≤–æ –ø—Ä–æ—Ü–µ—Å—Å–æ—Ä–∞) ","–ë–û–ª—å—à–∏–µ –ø–µ—Ä—Å–ø–µ–∫—Ç–∏–≤—ã —Ä–∞–∑–≤–∏—Ç–∏—è, —á–µ–º –≤ –¥—Ä—É–≥–∏—Ö –æ–±–ª–∞—Å—Ç—è—Ö ","–Ω–µ—Ç, –Ω–æ –≤—ã–±–µ—Ä—É —Å–º–µ–∂–Ω—É—é –ø—Ä–æ—Ñ–µ—Å—Å–∏—é",–ü–æ –Ω–∞—Å—Ç—Ä–æ–µ–Ω–∏—é,,5,–ü—Ä–æ–≥—Ä–∞–º–º–Ω–∞—è –∏–Ω–∂–µ–Ω–µ—Ä–∏—è
28.10.2022 22:24:50,,–ë—ã–ª–æ —á—Ç–æ-—Ç–æ –Ω–æ–≤–æ–µ(–¥–ª—è —Å–µ–±—è) –∏ –ø–µ—Ä—Å–ø–µ–∫—Ç–∏–≤–Ω–æ–µ,—Å–ª–æ–∂–Ω–æ,–ù–µ –∑–Ω–∞–ª –∏ –Ω–µ —É–º–µ–ª ,—Å—Ä–µ–¥–Ω–µ,,–ª–µ–≥–∫–æ,—Å—Ä–µ–¥–Ω–µ,—Å—Ä–µ–¥–Ω–µ,–ª–µ–≥–∫–æ,"–°–ø–æ—Ä—Ç, —á—Ç–µ–Ω–∏–µ –∫–Ω–∏–≥, –∞–∫—Ç–∏–≤–Ω—ã–π –æ—Ç–¥—ã—Ö.","–°–ø–æ—Ä—Ç–æ–º, —á—Ç–µ–Ω–∏–µ–º –∫–Ω–∏–≥, –∞–∫—Ç–∏–≤–Ω—ã–º –æ—Ç–¥—ã—Ö–æ–º.",–ì–ª–æ–±–∞–ª—å–Ω–æ –Ω–µ –∏–∑–º–µ–Ω–∏–ª–∏—Å—å ,–ø—Ä–∏–º–µ—Ä–Ω–æ 20-30,–ø—Ä–∏–º–µ—Ä–Ω–æ 20%,35,–∏ –¥–∞ –∏ –Ω–µ—Ç,"–ú–Ω–æ–≥–æ –∏ –¥–æ—Å—Ç—É–ø–Ω–æ –æ–±—ä—è—Å–Ω—è–µ—Ç,  –Ω–æ –∏ –º–Ω–æ–≥–æ —Å–ø—Ä–∞—à–∏–≤–∞–µ—Ç",–±–æ–ª–µ–µ —Ä–∞–∑–Ω–æ—Å—Ç–æ—Ä–æ–Ω–Ω–∏–π —Å–ø–µ–∫—Ç—Ä –æ–±—è–∑–∞–Ω–Ω–æ—Å—Ç–µ–π –∏ —Å—Ñ–µ—Ä—ã –¥–µ—è—Ç–µ–ª—å–Ω–æ—Å—Ç–∏,–±–æ–ª—å—à–µ –ø—Ä–∞–∫—Ç–∏—á–µ—Å–∫–∏–π –∑–∞–Ω—è—Ç–∏–π ,-,"–¥–æ—Å—Ç–æ–π–Ω—ã–π —Ä—ã–Ω–æ–∫ —Ç—Ä—É–¥–∞, –≤–æ–∑–º–æ–∂–Ω–æ—Å—Ç—å —É–¥–∞–ª–µ–Ω–Ω–æ–π —Ä–∞–±–æ—Ç—ã, —Ä–µ–∞–ª–∏–∑–∞—Ü–∏–∏ —Å–æ–±—Å—Ç–≤–µ–Ω–Ω—ã—Ö –∏–¥–µ–π –∏ –ø–æ—Ç—Ä–µ–±–Ω–æ—Å—Ç–µ–π.",–¥–∞,–∂–¥—É-–Ω–µ –¥–æ–∂–¥—É—Å—å,,5,–ü—Ä–æ–≥—Ä–∞–º–º–Ω–∞—è –∏–Ω–∂–µ–Ω–µ—Ä–∏—è
28.10.2022 22:36:10,,–ù—Ä–∞–≤–∏—Ç—Å—è —Ä–∞–±–æ—Ç–∞—Ç—å,–ª–µ–≥–∫–æ,"php, js, c#, c++, java, pascal, python",–ª–µ–≥–∫–æ,,–ª–µ–≥–∫–æ,–ª–µ–≥–∫–æ,–ª–µ–≥–∫–æ,—Å–ª–æ–∂–Ω–æ,–≥–∞—Ä–∞–∂,"–∞–Ω–∏–º–µ, –≥–∞—Ä–∞–∂, –¥–æ—Ç–∞",–Ω–µ –æ—Å—Ç–∞–ª–æ—Å—å –≤—Ä–µ–º–µ–Ω–∏ –Ω–∞ –∞–Ω–∏–º–µ,9,5,84,"—Å–∫–æ—Ä–µ–µ –¥–∞, —á–µ–º –Ω–µ—Ç;","–ú–Ω–æ–≥–æ –∏ –¥–æ—Å—Ç—É–ø–Ω–æ –æ–±—ä—è—Å–Ω—è–µ—Ç,  –Ω–æ –∏ –º–Ω–æ–≥–æ —Å–ø—Ä–∞—à–∏–≤–∞–µ—Ç",–ù–µ –ø–æ–º–µ–Ω—è–ª,–°–¥–µ–ª–∞—Ç—å –ø—Ä–æ—â–µ –ø—Ä–µ–¥–º–µ—Ç –∫–æ–º–ø–∏–ª—è—Ç–æ—Ä–∞,–ú–µ–Ω—å—à–µ –≥—É–º–∞–Ω–∏—Ç–∞—Ä–Ω—ã—Ö –¥–∏—Å—Ü–∏–ø–ª–∏–Ω,–ò–Ω—Ç–µ—Ä–µ—Å–Ω–∞—è —Ä–∞–±–æ—Ç–∞,–¥–∞,"–∫–æ–Ω–µ—á–Ω–æ,  –Ω–µ—Ç",,5,–ü—Ä–æ–≥—Ä–∞–º–º–Ω–∞—è –∏–Ω–∂–µ–Ω–µ—Ä–∏—è
25.10.2022 21:13:23,,–ü–æ—Ç–æ–º—É —á—Ç–æ —ç—Ç–æ –±—ã–ª–æ –º–æ–¥–Ω–æ,–ª–µ–≥–∫–æ,C++,—Å–ª–æ–∂–Ω–æ,,–ª–µ–≥–∫–æ,–ª–µ–≥–∫–æ,–ª–µ–≥–∫–æ,–ª–µ–≥–∫–æ,"–ò–≥—Ä—ã, –∫–æ–¥–∏–Ω–≥,—Å–ø–æ—Ä—Ç",–°–ø–æ—Ä—Ç–æ–º,–ü–æ—Ç–æ–º—É —á—Ç–æ —ç—Ç–æ–≥–æ —Ç—Ä–µ–±—É–µ—Ç —Ä–∞–±–æ—Ç–∞,20,20,30,"—Å–∫–æ—Ä–µ–µ –¥–∞, —á–µ–º –Ω–µ—Ç;","–ú–Ω–æ–≥–æ –∏ –¥–æ—Å—Ç—É–ø–Ω–æ –æ–±—ä—è—Å–Ω—è–µ—Ç,  –Ω–æ –∏ –º–Ω–æ–≥–æ —Å–ø—Ä–∞—à–∏–≤–∞–µ—Ç",–Ø —Ä–∞–∑–æ—á–∞—Ä–æ–≤–∞–ª—Å—è –≤ –∏–Ω–¥—É—Å—Ç—Ä–∏–∏ –≤ —Ü–µ–ª–æ–º,–î–æ—Å—Ç—É–ø–Ω–æ—Å—Ç—å –∏ –ø–æ–Ω—è—Ç–Ω–æ—Å—Ç—å –º–∞—Ç–µ—Ä–∏–∞–ª–æ–≤,–ù–∏—á–µ–≥–æ,–ó–∞—Ä–ø–ª–∞—Ç–∞,–¥–∞,"–∫–æ–Ω–µ—á–Ω–æ,  –Ω–µ—Ç",,6,–ü—Ä–æ–≥—Ä–∞–º–º–Ω–∞—è –∏–Ω–∂–µ–Ω–µ—Ä–∏—è
25.10.2022 21:32:59,,"–ú–æ–π –ø–∞–ø–∞ –±—ã–ª –ø—Ä–æ–≥—Ä–∞–º–º–∏—Å—Ç–æ–º, —è –≤–∏–¥–µ–ª–∞ –ø—Ä–æ—Ñ–µ—Å—Å–∏—é –∏–∑–Ω—É—Ç—Ä–∏, –º–µ–Ω—è –≤—Å—ë —É—Å—Ç—Ä–∞–∏–≤–∞–ª–æ. –ü–ª—é—Å –±—ã–ª–æ –æ—á–µ–Ω—å –∏–Ω—Ç–µ—Ä–µ—Å–Ω–æ —ç—Ç–∏–º –∑–∞–Ω–∏–º–∞—Ç—å—Å—è.",—Å—Ä–µ–¥–Ω–µ,–¢–æ–ª—å–∫–æ pascalABC,—Å—Ä–µ–¥–Ω–µ,,–ª–µ–≥–∫–æ,—Å—Ä–µ–¥–Ω–µ,—Å–ª–æ–∂–Ω–æ,—Å—Ä–µ–¥–Ω–µ,"–°–≤—è–∑–∞–Ω—ã –∫–∞–∫ —Å –ø—Ä–æ–≥—Ä–∞–º–º–∏—Ä–æ–≤–∞–Ω–∏–µ–º (—Ñ—Ä–æ–Ω—Ç–µ–Ω–¥), —Ç–∞–∫ –∏ —Å –≤–µ—â–∞–º–∏ –æ—Ç–¥–∞–ª—ë–Ω–Ω—ã–º–∏ –æ—Ç —ç—Ç–æ–≥–æ (—Ç–∞–Ω—Ü—ã, —á—Ç–µ–Ω–∏–µ, –ø—Å–∏—Ö–æ–ª–æ–≥–∏—è, —Ñ–æ—Ç–æ–≥—Ä–∞—Ñ–∏—è, —Å–ø–æ—Ä—Ç) ","–ú–æ–∏ —É–≤–ª–µ—á–µ–Ω–∏—è –Ω–µ –∏–∑–º–µ–Ω–∏–ª–∏—Å—å –∑–∞ –≤—Ä–µ–º—è —É—á—ë–±—ã, —Ä–∞–∑–≤–µ —á—Ç–æ –¥–æ–±–∞–≤–∏–ª–∞—Å—å —Å–ø–µ—Ü–∏–∞–ª–∏–∑–∞—Ü–∏—è –≤ –ø—Ä–æ–≥—Ä–∞–º–º–∏—Ä–æ–≤–∞–Ω–∏–∏",–ù–∞—à–ª–∞ —Å–≤–æ—é –Ω–∏—à—É –≤ –æ–±—à–∏—Ä–Ω–æ–º –≤—ã–±–æ—Ä–µ —Å–ø–µ—Ü–∏–∞–ª–∏–∑–∞—Ü–∏–π –≤ IT,20,12,20,–∏ –¥–∞ –∏ –Ω–µ—Ç,"–ú–Ω–æ–≥–æ –∏ –¥–æ—Å—Ç—É–ø–Ω–æ –æ–±—ä—è—Å–Ω—è–µ—Ç,  –Ω–æ –∏ –º–Ω–æ–≥–æ —Å–ø—Ä–∞—à–∏–≤–∞–µ—Ç",–Ω–µ –ø–æ–º–µ–Ω—è–ª–∞,"–ë–æ–ª—å—à–µ –ø—Ä–µ–ø–æ–¥–∞–≤–∞—Ç–µ–ª–µ–π —Å –ø–æ–¥—Ä–æ–±–Ω—ã–º–∏ –∏ –ø–æ–Ω—è—Ç–Ω—ã–º–∏ –ª–µ–∫—Ü–∏—è–º–∏, –º–µ–Ω—å—à–µ –ø—Ä–µ–¥–º–µ—Ç–æ–≤, –∫–æ—Ç–æ—Ä—ã–µ –ø–æ–ª–Ω–æ—Å—Ç—å—é –ø—Ä–∏—Ö–æ–¥–∏—Ç—å—Å—è –∏–∑—É—á–∞—Ç—å —Å–∞–º–æ—Å—Ç–æ—è—Ç–µ–ª—å–Ω–æ, –º–µ–Ω—å—à–µ –æ–±—â–µ–æ–±—Ä–∞–∑–æ–≤–∞—Ç–µ–ª—å–Ω—ã—Ö –ø—Ä–µ–¥–º–µ—Ç–æ–≤",–°–Ω–∏–∂–µ–Ω–∏–µ –∏—Ö —É—Ä–æ–≤–Ω—è –≤–∞–∂–Ω–æ—Å—Ç–∏. –°–ª–∏—à–∫–æ–º –º–Ω–æ–≥–æ —Ç—Ä–µ–±–æ–≤–∞–Ω–∏–π –∏ —Å–ª–∏—à–∫–æ–º –º–Ω–æ–≥–æ –≤—Ä–µ–º–µ–Ω–∏ –Ω–∞ –Ω–∏—Ö,–ò–Ω—Ç–µ—Ä–µ—Å–Ω–∞—è —Ä–∞–±–æ—Ç–∞ –∏ –∑–∞–¥–∞—á–∏ —Ç–∞–º,–¥–∞,"–∫–æ–Ω–µ—á–Ω–æ,  –Ω–µ—Ç",-,6,–ü—Ä–æ–≥—Ä–∞–º–º–Ω–∞—è –∏–Ω–∂–µ–Ω–µ—Ä–∏—è
26.10.2022 0:11:22,,–ö–∞–∑–∞–ª–æ—Å—å –∏–Ω—Ç–µ—Ä–µ—Å–Ω—ã–º,—Å—Ä–µ–¥–Ω–µ,–ù–µ—Ç,—Å—Ä–µ–¥–Ω–µ,,—Å—Ä–µ–¥–Ω–µ,—Å—Ä–µ–¥–Ω–µ,—Å—Ä–µ–¥–Ω–µ,—Å—Ä–µ–¥–Ω–µ,–û—Ç—Å—É—Ç—Å—Ç–≤—É—é—Ç ,–¢–≤–æ—Ä—á–µ—Å–∫–∏–µ —É–≤–ª–µ—á–µ–Ω–∏—è —Å —Å—Ä–µ–¥–Ω–∏–º —É—Ä–æ–≤–Ω–µ–º —Å–∞–º–æ–≤—ã—Ä–∞–∂–µ–Ω–∏—è,–ü–æ—Ç–µ—Ä—è–ª –∏–Ω—Ç–µ—Ä–µ—Å,20,35,40,–∏ –¥–∞ –∏ –Ω–µ—Ç,"–ú–Ω–æ–≥–æ –∏ –¥–æ—Å—Ç—É–ø–Ω–æ –æ–±—ä—è—Å–Ω—è–µ—Ç,  –Ω–æ –∏ –º–Ω–æ–≥–æ —Å–ø—Ä–∞—à–∏–≤–∞–µ—Ç","–ü—Ä–æ—Ü–µ—Å—Å –æ–∫–∞–∑–∞–ª—Å—è –Ω–µ —Ç–∞–∫–∏–º ""–≤–æ–ª—à–µ–±–Ω—ã–º"" –∫–∞–∫ –∫–∞–∑–∞–ª–æ—Å—å —Ä–∞–Ω–µ–µ, —Ç–∞–∫ –∂–µ –≤—Å—ë –≤–Ω–∏–º–∞–Ω–∏–µ –Ω–∞–ø—Ä–∞–≤–ª–µ–Ω–∏—è –ø–µ—Ä–µ–∫–ª—é—á–∏–ª–æ—Å—å –Ω–∞ –µ–≥–æ –±–æ–ª–µ–µ –Ω–µ–ø—Ä–∏—è—Ç–Ω—ã–µ —Å—Ç–æ—Ä–æ–Ω—ã –∏ –±—ã–ª–∏ –≤–≤–µ–¥–µ–Ω—ã –∞–±—Å—Ç—Ä–∞–∫—Ü–∏–∏ –∫–æ—Ç–æ—Ä—ã–µ —Ç–æ–ª—å–∫–æ —É—Ö—É–¥—à–∞–ª–∏ –æ–ø—ã—Ç",–ü–æ—Å–ª–µ–¥–æ–≤–∞—Ç–µ–ª—å–Ω–æ—Å—Ç—å –∏–∑—É—á–∞–µ–º–æ–≥–æ –º–∞—Ç–µ—Ä–∏–∞–ª–∞ –∏ —É—Å—Ç–∞–Ω–æ–≤–ª–µ–Ω–∏–µ —á–µ–ª–æ–≤–µ–∫–æ-–ª–æ–≥–∏—á–µ—Å–∫–∏—Ö –∑–∞–∫–æ–Ω–æ–º–µ—Ä–Ω–æ—Å—Ç–µ–π –≤ –ø–µ—Ä–µ—Ç–µ–∫–∞–Ω–∏–∏ —Ç–µ–º –¥–∏—Å—Ü–∏–ø–ª–∏–Ω,–£–º–µ–Ω—å—à–∏—Ç—å –∏—Ö –≤–ª–∏—è–Ω–∏–µ,–£–≤–µ—Ä–µ–Ω–Ω–æ—Å—Ç—å –≤ –¥–æ—Å—Ç–æ–π–Ω–æ–π —Ä–∞–±–æ—Ç–µ –ø–æ —Å–ø–µ—Ü–∏–∞–ª—å–Ω–æ—Å—Ç–∏,"–Ø, –ø–æ-–ø—Ä–µ–∂–Ω–µ–º—É, —Ö–æ—á—É —Å—Ç–∞—Ç—å –ø—Ä–æ–≥—Ä–∞–º–º–∏—Å—Ç–æ–º, –∫–æ—Ç–æ—Ä—ã–π —Ä–∞–∑—Ä–∞–±–∞—Ç—ã–≤–∞–µ—Ç –Ω–µ –∞–±—Å—Ç—Ä–∞–∫—Ü–∏–∏, –∞ –ø—Ä–∏–∫–ª–∞–¥–Ω—ã–µ –ø—Ä–æ–≥—Ä–∞–º–º—ã",–Ω–µ –∑–Ω–∞—é,"–ß–µ–ª–æ–≤–µ–∫ –æ—Ç–ª–∏—á–∞–µ—Ç—Å—è –æ—Ç –≤–µ–ª–æ—Å–∏–ø–µ–¥–∞ —Ç–µ–º, —á—Ç–æ —Å–∞–º –≤—Å—Ç–∞–≤–ª—è–µ—Ç —Å–µ–±–µ –ø–∞–ª–∫–∏ –≤ –∫–æ–ª–µ—Å–∞",6,–ü—Ä–æ–≥—Ä–∞–º–º–Ω–∞—è –∏–Ω–∂–µ–Ω–µ—Ä–∏—è
26.10.2022 1:24:42,,–•–æ—Ç–µ–ª–∞ –º–Ω–æ–≥–æ –¥–µ–Ω–µ–≥,–ª–µ–≥–∫–æ,Html js css ,—Å—Ä–µ–¥–Ω–µ,,–ª–µ–≥–∫–æ,—Å–ª–æ–∂–Ω–æ,—Å–ª–æ–∂–Ω–æ,–ª–µ–≥–∫–æ,"–§–∏—Ç–Ω–µ—Å, –∏–∑—É—á–∞—Ç—å —Ñ–∏—à–∫–∏ —è–∑—ã–∫–∞ Go",–ë–µ–≥,—Ö–æ—á—É –ø—Ä–æ—Ñ–µ—Å—Å–∏–æ–Ω–∞–ª—å–Ω–æ–≥–æ —Ä–∞–∑–≤–∏—Ç–∏—è,3,5,40 - —Ç–æ–ª—å–∫–æ –Ω–∞ –≤—ã—Ö–æ–¥–Ω—ã—Ö,"—Å–∫–æ—Ä–µ–µ –Ω–µ—Ç,  —á–µ–º –¥–∞","–ú–Ω–æ–≥–æ –∏ –¥–æ—Å—Ç—É–ø–Ω–æ –æ–±—ä—è—Å–Ω—è–µ—Ç,  –Ω–æ –∏ –º–Ω–æ–≥–æ —Å–ø—Ä–∞—à–∏–≤–∞–µ—Ç","–ü–æ—è–≤–∏–ª–æ—Å—å —Ñ—É–Ω–¥–∞–º–µ–Ω—Ç–∞–ª—å–Ω–æ–µ –ø—Ä–µ–¥—Å—Ç–∞–≤–ª–µ–Ω–∏–µ –æ–± —ç—Ç–æ–π —Å—Ñ–µ—Ä–µ, —è –ø–æ–Ω—è–ª–∞ —á—Ç–æ –ø—Ä–æ–≥—Ä–∞–º–º–∏—Ä–æ–≤–∞–Ω–∏–µ- —Ç—è–∂–µ–ª—ã–π –∏–Ω—Ç–µ–ª–ª–µ–∫—Ç—É–∞–ª—å–Ω—ã–π —Ç—Ä—É–¥, –æ—á–µ–Ω—å –Ω–µ –º–Ω–æ–≥–∏–µ –ø–æ–ª—É—á–∞—é—Ç —Ç—É –∑–∞—Ä–ø–ª–∞—Ç—É, –∫–æ—Ç–æ—Ä—É—é –æ–∂–∏–¥–∞–ª–∏","1. –£–±—Ä–∞—Ç—å –∫—É—Ä—Å–æ–≤—É—é –ø–æ –∞—Ä—Ö–∏—Ç–µ–∫—Ç—É—Ä–µ –≠–í–ú, –≥–¥–µ –Ω–∞–¥–æ —Å–¥–µ–ª–∞—Ç—å –ø—Ä–æ—Ü–µ—Å—Å–æ—Ä, —Ç –∫ —ç—Ç–æ —Å–ª–∏—à–∫–æ–º —Å–ª–æ–∂–Ω–æ –∏ –Ω–µ –ø—Ä–∏–º–µ–Ω–∏–º–æ –≤ –¥–∞–ª—å–Ω–µ–π—à–µ–º. –õ–∞–±—ã —Å —É–ø—Ä–æ—â—ë–Ω–Ω—ã–º –ø—Ä–æ—Ü–µ—Å—Å–æ—Ä–æ–º - –æ–∫, –Ω–æ –Ω–µ –∫—É—Ä—Å–æ–≤—É—é –∫–æ—Ç–æ—Ä—É—é –≤—Å–µ —Å–ø–∏—Å—ã–≤–∞—é—Ç –ª–∏–±–æ –∑–∞–∫–∞–∑—ã–≤–∞—é—Ç 
2. –î–∞–≤–∞—Ç—å –±–æ–ª—å—à–µ –∏–Ω—Ñ—ã –ø—Ä–æ –ø–∞—Ç—Ç–µ—Ä–Ω—ã –ø—Ä–æ–≥—Ä–∞–º–º–∏—Ä–æ–≤–∞–Ω–∏—è, —á—Ç–æ–±—ã —Å—Ç—É–¥–µ–Ω—Ç—ã —Ä–∞–∑–±–∏—Ä–∞–ª–∏ –∫–æ–Ω–∫—Ä–µ—Ç–Ω—ã–µ –∫–µ–π—Å—ã –∏ –ø—Ä–µ–¥–ª–∞–≥–∞–ª–∏ –∫–∞–∫–æ–π –ø–∞—Ç—Ç–µ—Ä–Ω –º–æ–∂–Ω–æ –ø—Ä–∏–º–µ–Ω–∏—Ç—å –≤ —Ç–æ–º –∏–ª–∏ –∏–Ω–æ–º —Å–ª—É—á–∞–µ. –ü–æ–º–æ–∂–µ—Ç –ø—Ä–∏ –ø—Ä–æ—Ö–æ–∂–¥–µ–Ω–∏–∏ —Å–æ–±–µ—Å–µ–¥–æ–≤–∞–Ω–∏–π –∏ –≤ —Ä–∞–±–æ—Ç–µ
3. –°–¥–µ–ª–∞—Ç—å —Ç–µ—Å—Ç—ã –ø–æ –û–ü –ø–æ–ø—Ä–æ—â–µ, —á—Ç–æ–±—ã –Ω–µ –±—ã–ª–æ –≤—Å–µ–π —Å–∏—à–Ω–æ–π —Å–ø–µ—Ü–∏—Ñ–∏–∫–∏, –∫–æ—Ç–æ—Ä–∞—è –∑–∞–±—ã–≤–∞–µ—Ç—Å—è –ø–æ—Å–ª–µ –≤—ã—Ö–æ–¥–∞ –∏–∑ –∞—É–¥–∏—Ç–æ—Ä–∏–∏. 
4. –ï—Å–ª–∏ –¥–æ —Å–∏—Ö –ø–æ—Ä –µ—Å—Ç—å –ª–∞–±—ã –ø–æ QT, —Ç–æ –¥–∞–≤–∞—Ç—å –±–æ–ª—å—à–µ –∏–Ω—Ñ—ã –æ–± —ç—Ç–æ–π —Ç–µ—Ö–Ω–æ–ª–æ–≥–∏–∏. –ú–∞–ª–æ –∫—Ç–æ –¥–µ–ª–∞–ª –ª–∞–±—ã —Å–∞–º–æ—Å—Ç–æ—è—Ç–µ–ª—å–Ω–æ, –≤ –æ—Å–Ω–æ–≤–Ω–æ–º —Å–ø–∏—Å—ã–≤–∞–ª–∏ –∏–ª–∏ –ø—Ä–æ—Å–∏–ª–∏ —É–º–Ω–æ–≥–æ —É–Ω–∏–∫—É–º–∞ –ø–æ–º–æ—á—å. –õ–∏—á–Ω–æ –º–Ω–µ –∏–Ω—Ñ–æ—Ä–º–∞—Ü–∏–∏, –∫–æ—Ç–æ—Ä—É—é –¥–∞–ª–∏ –Ω–∞ –ª–µ–∫—Ü–∏—è—Ö –¥–ª—è –≤—ã–ø–æ–ª–Ω–µ–Ω–∏—è –ª–∞–±—ã –ê–ë–°–û–õ–Æ–¢–ù–û –Ω–µ —Ö–≤–∞—Ç–∏–ª–æ. –ü—Ä–∏—à–ª–æ—Å—å –ø–æ–∫—É–ø–∞—Ç—å –∫–Ω–∏–≥—É –∑–∞ —Ç—ã—Å—è—á—É —Ä—É–±–ª–µ–π, —á—Ç–æ–±—ã —Ö–æ—Ç—å –∫–∞–∫-—Ç–æ —Ä–∞–∑–æ–±—Ä–∞—Ç—å—Å—è. –ö–Ω–∏–≥–∞ –∫—Å—Ç–∞—Ç–∏ —Ö–æ—Ä–æ—à–∞—è",–í—Å–µ –Ω–∞–ø–∏—Å–∞–ª–∞ –≤—ã—à–µ,"–ë–æ–ª—å—à–∞—è –∑–∞—Ä–ø–ª–∞—Ç–∞, —Ä–∞–±–æ—Ç–∞ –∏–∑ –¥–æ–º–∞, —Å—Ä–µ–¥–∞ –∏–Ω—Ç–µ–ª–ª–µ–∫—Ç—É–∞–ª–æ–≤ –Ω–∞ —Ä–∞–±–æ—Ç–µ, –≤–æ–∑–º–æ–∂–Ω–æ—Å—Ç—å —Ä–∞–±–æ—Ç–∞—Ç—å –Ω–∞–¥ –∫—Ä—É—Ç—ã–º —Ü–∏—Ñ—Ä–æ–≤—ã–º –ø—Ä–æ–¥—É–∫—Ç–æ–º, –∫–æ—Ç–æ—Ä—ã–º –ø–æ–ª—å–∑—É—é—Ç—Å—è –º–∏–ª–ª–∏–æ–Ω—ã. –¢–∞–∫–∏–µ –±–µ–Ω–µ—Ñ–∏—Ç—ã –Ω–∞ —Ä–∞–±–æ—Ç–µ, –∫–æ—Ç–æ—Ä—ã–µ –¥—Ä—É–≥–∏–º –ø—Ä–æ—Ñ–µ—Å—Å–∏—è–º –ø–æ—á—Ç–∏ –Ω–µ–¥–æ—Å—Ç—É–ø–Ω—ã. ",–Ø —É–∂–µ –ø—Ä–æ–≥—Ä–∞–º–º–∏—Å—Ç,"–∫–æ–Ω–µ—á–Ω–æ,  –Ω–µ—Ç","–ö—Ä—É—Ç–æ–π –æ–ø—Ä–æ—Å, —Ç–æ–ª—å–∫–æ –ø—Ä–æ —É–≤–ª–µ—á–µ–Ω–∏—è –Ω–µ –ø–æ–Ω—è—Ç–Ω–æ —á—Ç–æ –ø–∏—Å–∞—Ç—å: –ø—Ä–æ—Ñ–µ—Å—Å–∏–æ–Ω–∞–ª—å–Ω—ã–µ –∏–ª–∏ —Ç–∏–ø–∞ —Ö–æ–±–±–∏ ",6,–ü—Ä–æ–≥—Ä–∞–º–º–Ω–∞—è –∏–Ω–∂–µ–Ω–µ—Ä–∏—è
26.10.2022 8:44:30,,–ë—ã–ª–æ –∏–Ω—Ç–µ—Ä–µ—Å–Ω–æ –ø–æ–ø—Ä–æ–±–æ–≤–∞—Ç—å —Å–µ–±—è –≤ —ç—Ç–æ–π –æ–±–ª–∞—Å—Ç–∏,—Å–ª–æ–∂–Ω–æ,–í —à–∫–æ–ª–µ –Ω–∞—á–∞–ª –∏–∑—É—á–∞—Ç—å pascal,—Å—Ä–µ–¥–Ω–µ,,—Å–ª–æ–∂–Ω–æ,—Å—Ä–µ–¥–Ω–µ,—Å—Ä–µ–¥–Ω–µ,—Å—Ä–µ–¥–Ω–µ,–°–µ–∫—Ä–µ—Ç.,–í—Å–µ–≥–æ –ø–æ-–Ω–µ–º–Ω–æ–≥—É,–°—Ç–∞–ª–æ –º–µ–Ω—å—à–µ —Å–≤–æ–±–æ–¥–Ω–æ–≥–æ –≤—Ä–µ–º–µ–Ω–∏,12,10,16,"—Å–∫–æ—Ä–µ–µ –¥–∞, —á–µ–º –Ω–µ—Ç;","–ú–Ω–æ–≥–æ –∏ –¥–æ—Å—Ç—É–ø–Ω–æ –æ–±—ä—è—Å–Ω—è–µ—Ç,  –Ω–æ –∏ –º–Ω–æ–≥–æ —Å–ø—Ä–∞—à–∏–≤–∞–µ—Ç","–í–£–ó —Ö–æ—Ç—å –∏ –¥–∞—ë—Ç –Ω–µ —Ç–∞–∫ –º–Ω–æ–≥–æ –∫–æ–º–º–µ—Ä—á–µ—Å–∫–æ–≥–æ –æ–ø—ã—Ç–∞, –Ω–æ —Ö–æ—Ä–æ—à–æ –æ–ø–∏—Å—ã–≤–∞–µ—Ç –∫–∞—Ä—Ç–∏–Ω—É –≤ —Ü–µ–ª–æ–º. –í–£–ó –¥–∞–≤–∞–ª –º–Ω–µ —Ç–µ–º—ã, –∞ –∫–æ–ø–∞–ª –≤ –Ω–∏—Ö –¥–∞–ª—å—à–µ —É–∂–µ —Å–∞–º. –í–£–ó –¥–∞—ë—Ç –±–∞–∑—É, –Ω–æ –¥–∞–ª–µ–∫–æ –Ω–µ –≤—Å–µ —ç—Ç–æ –ø–æ–Ω–∏–º–∞—é—Ç.","–ë–æ–ª—å—à–µ –æ–±–æ—Å–Ω–æ–≤–∞–Ω–Ω–æ—Å—Ç–∏ –∑–∞–¥–∞–Ω–∏–π, –∞ –Ω–µ –∫–∞–∫ –æ–±—ã—á–Ω–æ –±—ã–≤–∞–µ—Ç –∑–∞–¥–∞–Ω–∏–µ —Ä–∞–¥–∏ –∑–∞–¥–∞–Ω–∏—è/–±–∞–ª–ª–æ–≤",–ù–∏—á–µ–≥–æ,–í–æ–∑–º–æ–∂–Ω–æ—Å—Ç—å –∑–∞–Ω–∏–º–∞—Ç—å—Å—è –ø—Ä–æ–≥—Ä–∞–º–º–∏—Ä–æ–≤–∞–Ω–∏–µ–º,–¥–∞,"–∫–æ–Ω–µ—á–Ω–æ,  –Ω–µ—Ç","–ë–ª–∞–≥–æ–¥–∞—Ä—é –∑–∞ –æ–ø—Ä–æ—Å! –í–æ–ø—Ä–æ—Å—ã —Ö–æ—Ä–æ—à–∏–µ, –ø–æ–Ω—Ä–∞–≤–∏–ª–æ—Å—å –Ω–∞ –Ω–∏—Ö –æ—Ç–≤–µ—á–∞—Ç—å –≤ –ø–µ—Ä–≤—É—é –æ—á–µ—Ä–µ–¥—å –¥–ª—è —Å–µ–±—è.",6,–ü—Ä–æ–≥—Ä–∞–º–º–Ω–∞—è –∏–Ω–∂–µ–Ω–µ—Ä–∏—è
26.10.2022 13:22:29,,–ù–∞–¥–æ –±—ã–ª–æ –∫—É–¥–∞-—Ç–æ –∏–¥—Ç–∏. –ù–µ –Ω–∞ –§–∏–∑–∏–∫—É –∂–µ?,—Å–ª–æ–∂–Ω–æ,"Python, c++, Rubi",—Å–ª–æ–∂–Ω–æ,,—Å—Ä–µ–¥–Ω–µ,–ª–µ–≥–∫–æ,—Å–ª–æ–∂–Ω–æ,—Å–ª–æ–∂–Ω–æ,–ì–∞—Å—Ç—Ä–æ—Ç—É—Ä—ã,–º–µ—Å—Ç–Ω—ã–º–∏ –ì–∞—Å—Ç—Ä–æ—Ç—É—Ä–∞–º–∏,–°—Ç–∞–ª–æ –±–æ–ª—å—à–µ –¥–µ–Ω–µ–≥ ,6,10,78,"—Å–∫–æ—Ä–µ–µ –Ω–µ—Ç,  —á–µ–º –¥–∞","–î–∞–µ—Ç –º–∞–ª–æ, –Ω–æ –∏ —Å–ø—Ä–∞—à–∏–≤–∞–µ—Ç –Ω–µ–º–Ω–æ–≥–æ",–¢—É—Ç –º–æ–∂–Ω–æ –±—ã—Ç—å –≥—É–º–∞–Ω–∏—Ç–∞—Ä–∏–µ–º –∏ –Ω–µ –∑–Ω–∞—Ç—å –ø—Ä–æ–≥—Ä–∞–º–º–∏—Ä–æ–≤–∞–Ω–∏–µ,–ë–æ–ª–µ–µ –∑–∞–∏–Ω—Ç–µ—Ä–µ—Å–æ–≤–∞–Ω–Ω—ã—Ö –≤ –ø—Ä–µ–ø–æ–¥–∞–≤–∞–Ω–∏–∏ –ª—é–¥–µ–π,–£–±—Ä–∞—Ç—å –≥—É–º–∞–Ω–∏—Ç–∞—Ä–Ω—ã–µ –¥–∏—Å—Ü–∏–ø–ª–∏–Ω—ã. –î–æ–ª–æ–π –®–∏—Ä–æ–∫–∏–π –∫—Ä—É–≥–æ–∑–æ—Ä!,–î–µ–Ω—å–≥–∏,"–Ω–µ—Ç, –Ω–æ –≤—ã–±–µ—Ä—É —Å–º–µ–∂–Ω—É—é –ø—Ä–æ—Ñ–µ—Å—Å–∏—é",–≤ –æ—Ç–ø—É—Å–∫,–î–∞–∞–∞–∞–∞–∞,6,–ü—Ä–æ–≥—Ä–∞–º–º–Ω–∞—è –∏–Ω–∂–µ–Ω–µ—Ä–∏—è
31.10.2022 22:23:41,,–ø—Ä–æ–≥—Ä–∞–º–º–∏—Ä–æ–≤–∞–Ω–∏–µ - —ç—Ç–æ –º–æ—ë –ø—Ä–∏–∑–≤–∞–Ω–∏–µ,–ª–µ–≥–∫–æ,"Pascal, JavaScript, Game Maker",–ª–µ–≥–∫–æ,,–ª–µ–≥–∫–æ,—Å—Ä–µ–¥–Ω–µ,—Å—Ä–µ–¥–Ω–µ,—Å–ª–æ–∂–Ω–æ,"–û–±—Ä–∞–±–æ—Ç–∫–∞ –∑–≤—É–∫–∞, –∫–æ–ª–ª–µ–∫—Ü–∏–æ–Ω–∏—Ä–æ–≤–∞–Ω–∏–µ –º—É–∑—ã–∫–∏",–ù–∞–ø–∏—Å–∞–Ω–∏–µ –∏–≥—Ä –∏ –≤—Å–ø–æ–º–æ–≥–∞—Ç–µ–ª—å–Ω—ã—Ö –ø—Ä–æ–≥—Ä–∞–º–º –¥–ª—è –∏–≥—Ä—ã –≤ –∏–≥—Ä—ã,—è —Å—Ç–∞–ª —Å–µ—Ä—å—ë–∑–Ω–µ–µ –∏ —Ö–æ—á—É —Å–æ–≤–º–µ—â–∞—Ç—å –ø—Ä–∏—è—Ç–Ω–æ–µ —Å –ø–æ–ª–µ–∑–Ω—ã–º,30,80,6,"—Å–∫–æ—Ä–µ–µ –¥–∞, —á–µ–º –Ω–µ—Ç;","–ú–Ω–æ–≥–æ –∏ –¥–æ—Å—Ç—É–ø–Ω–æ –æ–±—ä—è—Å–Ω—è–µ—Ç,  –Ω–æ –∏ –º–Ω–æ–≥–æ —Å–ø—Ä–∞—à–∏–≤–∞–µ—Ç","–û–∫–∞–∑–∞–ª–æ—Å—å, —á—Ç–æ –≤ —Ä–∞–±–æ—Ç–µ –ø—Ä–æ–≥—Ä–∞–º–º–∏—Å—Ç–∞ –º–Ω–æ–≥–æ —Å–∫—É–∫–∏, –∫–∞–∫ –∏ –≤–µ–∑–¥–µ","1. –†–∞–∑–æ–±—Ä–∞—Ç—å –±–æ–ª—å—à–µ –ø—Ä–∞–∫—Ç–∏—á–µ—Å–∫–∏—Ö –ø—Ä–∏–º–µ—Ä–æ–≤ —Ç–æ–≥–æ, –∫–∞–∫ –ø–æ–¥—Ö–æ–¥ UML –ø–æ–º–æ–≥–∞–µ—Ç —Å–æ–∑–¥–∞–≤–∞—Ç—å —Å—Ç—Ä–æ–π–Ω—É—é –∏ –ø—Ä–æ–∑—Ä–∞—á–Ω—É—é —Å—Ç—Ä—É–∫—Ç—É—Ä—É –ø—Ä–æ–µ–∫—Ç–∞;
2. –•–æ—Ç–µ–ª –±—ã –æ—Å–≤–æ–∏—Ç—å –∞–∑—ã –Ω–∞—Ç–∏–≤–Ω–æ–≥–æ –ê–Ω–¥—Ä–æ–∏–¥–∞ (–Ω–µ React Native, –∫–æ—Ç–æ—Ä—ã–π —Ç–æ–ª–∫–æ–º –Ω–µ –∑–∞–ø—É—Å—Ç–∏—à—å –ø–æ—Ç–æ–º).","–ö–æ–º–∞–Ω–¥–Ω—ã–µ –ø—Ä–æ–µ–∫—Ç—ã (–¢–†–ü–ò–°, –ú–î–ö–ü) –ø–æ—Å—Ç—Ä–æ–∏—Ç—å –≤–æ–∫—Ä—É–≥ —Ä–∞–±–æ—Ç–∞—é—â–µ–≥–æ –ø—Ä–æ–¥—É–∫—Ç–∞ –∏ –æ—Ç–≤–µ—Ç—Å—Ç–≤–µ–Ω–Ω–æ—Å—Ç–∏ –∑–∞ —ç—Ç–æ –∫–æ–º–∞–Ω–¥—ã (–ø–æ –ø—Ä–∏–Ω—Ü–∏–ø—É Agile), –∞ –Ω–µ –Ω–∞ —Å–¥–∞—á–µ –æ—á–µ—Ä–µ–¥–Ω–æ–π –ø–æ—Ä—Ü–∏–∏ –∫—Ä–∏–≤—ã—Ö –¥–∏–∞–≥—Ä–∞–º–º –ø—Ä–æ–µ–∫—Ç–Ω—ã—Ö —Ä–µ—à–µ–Ω–∏–π, –∫–æ—Ç–æ—Ä—ã–µ - –≤—Å—ë —Ä–∞–≤–Ω–æ –Ω–∏–∫—Ç–æ –Ω–µ –ø—Ä–µ–¥—Å—Ç–∞–≤–ª—è–µ—Ç –∑–∞—Ä–∞–Ω–µ–µ - –∫–∞–∫ –¥–æ–ª–∂–Ω—ã –≤—ã–≥–ª—è–¥–µ—Ç—å.","–æ–ø—ã—Ç –ø—Ä–æ–≥—Ä–∞–º–º–∏—Ä–æ–≤–∞–Ω–∏—è –Ω–∞ —Ä–∞–∑–Ω—ã—Ö –∏–Ω—Å—Ç—Ä—É–º–µ–Ω—Ç–∞—Ö –∏ –≤ —Ä–∞–∑–Ω—ã—Ö —Å–∏—Ç—É–∞—Ü–∏—è—Ö, –∫–æ—Ç–æ—Ä—ã–π —è–≤–ª—è–µ—Ç—Å—è –≤—ã—Å—à–µ–π —Ü–µ–Ω–Ω–æ—Å—Ç—å—é –≤ –∫–æ–ø–∏–ª–∫–µ —Ä–∞–∑—Ä–∞–±–æ—Ç—á–∏–∫–∞ (–Ω–∞ –º–æ–π –≤–∑–≥–ª—è–¥)",–¥–∞,"–∫–æ–Ω–µ—á–Ω–æ,  –Ω–µ—Ç",—è –Ω–∞ 8 –∫—É—Ä—Å–µ...,6,–ü—Ä–æ–≥—Ä–∞–º–º–Ω–∞—è –∏–Ω–∂–µ–Ω–µ—Ä–∏—è
02.11.2022 13:03:34,,–ù—É –º–± –∑–∞–π–¥–µ—Ç,—Å—Ä–µ–¥–Ω–µ,dota2-debug-console,—Å–ª–æ–∂–Ω–æ,,—Å–ª–æ–∂–Ω–æ,—Å–ª–æ–∂–Ω–æ,—Å–ª–æ–∂–Ω–æ,—Å–ª–æ–∂–Ω–æ,–î–µ–Ω—å–≥–∏,–ù–µ –ø–æ–ª—É—á–µ–Ω–∏–µ–º –¥–µ–Ω–µ–≥,–ó–∞—Ö–æ—Ç–µ–ª–æ—Å—å –¥–µ–Ω–µ–≥,0+,"0,2",7*24,–∏ –¥–∞ –∏ –Ω–µ—Ç,"–ú–Ω–æ–≥–æ –∏ –¥–æ—Å—Ç—É–ø–Ω–æ –æ–±—ä—è—Å–Ω—è–µ—Ç,  –Ω–æ –∏ –º–Ω–æ–≥–æ —Å–ø—Ä–∞—à–∏–≤–∞–µ—Ç","–¥–∞ –∫–∞–∫-—Ç–æ —Å–∫—É—á–Ω–æ —Ä–∞–±–æ—Ç–∞—Ç—å (–Ω–æ –≤—Å–µ –∂–µ –∏–Ω—Ç–µ—Ä–µ—Å–Ω–µ–µ —á–µ–º –º–Ω–æ–≥–æ–µ), –Ω–æ –¥–µ–Ω–µ—Ö —Ö–æ—á–µ—Ç—Å—è(((",–ü–æ–±–æ–ª—å—à–µ –º–æ–µ–≥–æ –ª—é–±–∏–º–≥–æ–≥ –ø—Ä–µ–ø–æ–¥–∞–≤–∞—Ç–µ–ª—è –õ–∏—Ç–æ–≤–∫–∏–Ω–∞ –î.–í.,–ó–∞–º–µ–Ω–∏—Ç—å –≤—Å–µ –ø–∞—Ä—ã –Ω–∞ –ö–ò–ù–ü–û,–ë–û–õ–¨,–ì—Ä–∞–¥-–ø—Ä–æ–≥—Ä–∞–º–º–∏—Å—Ç–æ–º,"–∫–æ–Ω–µ—á–Ω–æ,  –Ω–µ—Ç",–û–ß–ï–ù–¨,6,–ü—Ä–æ–≥—Ä–∞–º–º–Ω–∞—è –∏–Ω–∂–µ–Ω–µ—Ä–∏—è
02.11.2022 17:52:12,,–û–Ω–∞ –≤–æ—Å—Ç—Ä–µ–±–æ–≤–∞–Ω–∞,—Å—Ä–µ–¥–Ω–µ,pascal,—Å—Ä–µ–¥–Ω–µ,,—Å—Ä–µ–¥–Ω–µ,—Å—Ä–µ–¥–Ω–µ,—Å—Ä–µ–¥–Ω–µ,—Å–ª–æ–∂–Ω–æ,–ø–∏—Å–∞—Ç—å –∫–æ–º–ø–∏–ª—è—Ç–æ—Ä,–∫–æ–º–ø—å—é—Ç–µ—Ä–Ω—ã–º–∏ –∏–≥—Ä–∞–º–∏,—É—á–µ–±–∞ –∏ —Ä–∞–±–æ—Ç–∞ —Å—Ç–∞–ª–∏ –¥—É—à–∏—Ç—å,20,45,60,"—Å–∫–æ—Ä–µ–µ –¥–∞, —á–µ–º –Ω–µ—Ç;","–ú–Ω–æ–≥–æ –∏ –¥–æ—Å—Ç—É–ø–Ω–æ –æ–±—ä—è—Å–Ω—è–µ—Ç,  –Ω–æ –∏ –º–Ω–æ–≥–æ —Å–ø—Ä–∞—à–∏–≤–∞–µ—Ç",–Ω–µ –ø–æ–º–µ–Ω—è–ª ,–±—ã—Ç—å –±–æ–ª–µ–µ –¥–æ—Ç–æ—à–Ω—ã–º,—É–±—Ä–∞—Ç—å –æ—Ç—á–µ—Ç—ã –ª–∞–±–æ—Ä–∞—Ç–æ—Ä–Ω—ã—Ö —Ä–∞–±–æ—Ç,–ø—Ä–∏–æ–±—Ä–µ—Ç–µ–Ω–∏–µ –∑–Ω–∞–Ω–∏–π,–¥–∞,"–∫–æ–Ω–µ—á–Ω–æ,  –Ω–µ—Ç",–ø—Ä–∏–≤–µ—Ç,4,–ü—Ä–æ–≥—Ä–∞–º–º–Ω–∞—è –∏–Ω–∂–µ–Ω–µ—Ä–∏—è
02.11.2022 21:30:27,,–õ—é–±–ª—é –∫–æ–º–ø—å—é—Ç–µ—Ä—ã,—Å—Ä–µ–¥–Ω–µ,"Pascal, Python, Delphi",—Å—Ä–µ–¥–Ω–µ,,–ª–µ–≥–∫–æ,—Å–ª–æ–∂–Ω–æ,–ª–µ–≥–∫–æ,—Å—Ä–µ–¥–Ω–µ,–ú—É–∑—ã–∫–∞ –∏ –º–æ–¥–µ–ª–∏—Ä–æ–≤–∞–Ω–∏–µ –≤ Quartus,–ú—É–∑—ã–∫–æ–π,–ü–æ—è–≤–∏–ª—Å—è –ö—Ä–∞–≤—á–µ–Ω—è –ü.–î.,24,15,8,"—Å–∫–æ—Ä–µ–µ –¥–∞, —á–µ–º –Ω–µ—Ç;","–ú–Ω–æ–≥–æ –∏ –¥–æ—Å—Ç—É–ø–Ω–æ –æ–±—ä—è—Å–Ω—è–µ—Ç,  –Ω–æ –∏ –º–Ω–æ–≥–æ —Å–ø—Ä–∞—à–∏–≤–∞–µ—Ç","–≠—Ç–æ –Ω–µ –ø—Ä–æ—Å—Ç–æ —Ç—ã–∫ —Ç—ã–∫, –Ω–æ –µ—â—ë –∏ —à–∏—Ä–æ–∫–∏–π –∫—Ä—É–≥–æ–∑–æ—Ä –≤ –∫–æ–º–±–∏–Ω–∞—Ü–∏–∏ —Å –≥–µ–Ω–∏–µ–º –º—ã—Å–ª–∏",–Ω–∏—á–µ–≥–æ,"–ë–æ–ª—å—à–µ –ø–∞—Ä –ê–†–•–í–° –±—ã –ø–æ—Å—Ç–∞–≤–∏–ª(–≤–º–µ—Å—Ç–æ —Ñ–∏–∑–∫—É–ª—å—Ç—É—Ä—ã –Ω–∞–ø—Ä–∏–º–µ—Ä), –≤–æ–∑–º–æ–∂–Ω–æ –±–æ–ª—å—à–µ –º–∞—Ç–µ–º–∞—Ç–∏–∫–∏","–û—Ç—á—ë—Ç –ª–∞–±—ã, –±–µ—Å–µ–¥—ã —Å –ö—Ä–∞–≤—á–µ–Ω–µ–π –ü–∞–≤–ª–æ–º –î–º–∏—Ç—Ä–∏–µ–≤–∏—á–µ–º –∏ –∞–Ω–µ–∫–¥–æ—Ç—ã –ù–∏–∫—É–ª–∏–Ω–∞ –†–æ–º–∞–Ω–∞ –ù–∏–∫–æ–ª–∞–µ–≤–∏—á–∞.",–¥–∞,"–∫–æ–Ω–µ—á–Ω–æ,  –Ω–µ—Ç",,2,–ü—Ä–æ–≥—Ä–∞–º–º–Ω–∞—è –∏–Ω–∂–µ–Ω–µ—Ä–∏—è
02.11.2022 21:35:15,,–º–Ω–µ –±—ã–ª–æ –∏–Ω—Ç–µ—Ä–µ—Å–Ω–æ —Å–æ–∑–¥–∞–≤–∞—Ç—å –ø—Ä–æ–≥—Ä–∞–º–º—ã,—Å—Ä–µ–¥–Ω–µ,"Python, Perl",—Å—Ä–µ–¥–Ω–µ,,–ª–µ–≥–∫–æ,—Å—Ä–µ–¥–Ω–µ,–ª–µ–≥–∫–æ,–ª–µ–≥–∫–æ,"–º–∞—à–∏–Ω–Ω–æ–µ –æ–±—É—á–µ–Ω–∏–µ, –Ω–µ–π—Ä–æ–Ω–Ω—ã–µ —Å–µ—Ç–∏, —á—Ç–µ–Ω–∏–µ —Ñ–∞–Ω—Ç–∞—Å—Ç–∏–∫–∏",—Å–æ–∑–¥–∞–Ω–∏–µ –≥—Ä–∞—Ñ–∏—á–µ—Å–∫–∏—Ö –∏–Ω—Ç–µ—Ä—Ñ–µ–π—Å–æ–≤,–≤ –í–£–ó–µ —è –æ—Ç–∫—Ä—ã–ª –¥–ª—è —Å–µ–±—è –Ω–æ–≤—ã–µ IT –æ–±–ª–∞—Å—Ç–∏,8,30,10,"—Å–∫–æ—Ä–µ–µ –¥–∞, —á–µ–º –Ω–µ—Ç;","–ú–Ω–æ–≥–æ –∏ –¥–æ—Å—Ç—É–ø–Ω–æ –æ–±—ä—è—Å–Ω—è–µ—Ç,  –Ω–æ –∏ –º–Ω–æ–≥–æ —Å–ø—Ä–∞—à–∏–≤–∞–µ—Ç","–ø—Ä–æ–≥—Ä–∞–º–º–∏—Å—Ç –Ω–µ –ø—Ä–æ—Å—Ç–æ –∫–æ–¥–∏—Ä—É–µ—Ç —É–∂–µ –∑–∞–¥–∞–Ω–Ω—ã–µ –∞–ª–≥–æ—Ä–∏—Ç–º—ã, –∞ —Å–æ–∑–¥–∞—ë—Ç —Å –Ω—É–ª—è —Å—Ç—Ä—É–∫—Ç—É—Ä—É –≤—Å–µ–≥–æ –ø—Ä–∏–ª–æ–∂–µ–Ω–∏—è, –≤–∫–ª—é—á–∞—è —Ç–µ–æ—Ä–µ—Ç–∏—á–µ—Å–∫—É—é —Å–ø–µ—Ü–∏—Ñ–∏–∫–∞—Ü–∏—é, —Ç–µ—Å—Ç—ã –∏ –≤ –∫–æ–Ω–µ—á–Ω–æ–º —Å—á–µ—Ç–µ —Å–∞–º—É –ø—Ä–æ–≥—Ä–∞–º–º—É",–Ω–∏—á–µ–≥–æ,"—É–º–µ–Ω—å—à–∏—Ç—å –∫–æ–ª–∏—á–µ—Å—Ç–≤–æ —Ç–µ–æ—Ä–∏–∏, –¥–æ–±–∞–≤–∏–≤ –ø—Ä–∞–∫—Ç–∏—á–µ—Å–∫–∏–π –∞—Å–ø–µ–∫—Ç –ø—Ä–∏–º–µ–Ω–µ–Ω–∏—è –∑–Ω–∞–Ω–∏–π",—É—Å–ø–µ—à–Ω–∞—è —Ä–µ–∞–ª–∏–∑–∞—Ü–∏—è —Å–µ–±—è –≤ –∫–∞—á–µ—Å—Ç–≤–µ –ø–µ—Ä–≤–æ–∫–ª–∞—Å—Å–Ω–æ–≥–æ –ø—Ä–æ–≥—Ä–∞–º–º–∏—Å—Ç–∞,–¥–∞,"–∫–æ–Ω–µ—á–Ω–æ,  –Ω–µ—Ç",,2,–ü—Ä–æ–≥—Ä–∞–º–º–Ω–∞—è –∏–Ω–∂–µ–Ω–µ—Ä–∏—è
03.11.2022 16:35:24,,—Ö–æ—Ç–µ–ª –ø–æ–ª—É—á–∏—Ç—å –∞–∫—Ç—É–∞–ª—å–Ω—É—é –∏ –∏–Ω—Ç–µ—Ä–µ—Å–Ω—É—é —Å–ø–µ—Ü–∏–∞–ª—å–Ω–æ—Å—Ç—å,—Å–ª–æ–∂–Ω–æ,–ù–µ –∑–Ω–∞–ª –Ω–∏–∫–∞–∫–∏—Ö,—Å–ª–æ–∂–Ω–æ,,–ª–µ–≥–∫–æ,—Å—Ä–µ–¥–Ω–µ,—Å—Ä–µ–¥–Ω–µ,—Å—Ä–µ–¥–Ω–µ,–ü—Ä–æ–≥—Ä–∞–º–º–∏—Ä–æ–≤–∞–Ω–∏–µ,–ß—Ç–µ–Ω–∏–µ–º –∫–Ω–∏–≥,"–ù–∞—á–∞–≤ –æ–±—É—á–µ–Ω–∏–µ –≤ –∏–Ω—Å—Ç–∏—Ç—É—Ç–µ, —è –æ—Ç–∫—Ä—ã–ª –¥–ª—è —Å–µ–±—è –ø—Ä–æ–≥—Ä–∞–º–º–∏—Ä–æ–≤–∞–Ω–∏–µ, –∏ –æ–Ω–æ –º–Ω–µ –æ—á–µ–Ω—å –ø–æ–Ω—Ä–∞–≤–∏–ª–æ—Å—å",55,50,57,"—Å–∫–æ—Ä–µ–µ –¥–∞, —á–µ–º –Ω–µ—Ç;","–ú–Ω–æ–≥–æ –∏ –¥–æ—Å—Ç—É–ø–Ω–æ –æ–±—ä—è—Å–Ω—è–µ—Ç,  –Ω–æ –∏ –º–Ω–æ–≥–æ —Å–ø—Ä–∞—à–∏–≤–∞–µ—Ç","–û–∫–∞–∑–∞–ª–æ—Å—å, —á—Ç–æ –ø—Ä–æ–≥—Ä–∞–º–º–∏—Å—Ç—ã —É–¥–µ–ª—è–µ—Ç –±–æ–ª—å—à–µ –≤—Ä–µ–º–µ–Ω–∏ –Ω–∞ –ø—Ä–æ–µ–∫—Ç–∏—Ä–æ–≤–∞–Ω–∏–µ –∏ –ø–ª–∞–Ω–∏—Ä–æ–≤–∞–Ω–∏–µ, —á–µ–º –Ω–∞ —Å–∞–º–æ –ø—Ä–æ–≥—Ä–∞–º–º–∏—Ä–æ–≤–∞–Ω–∏–µ",–ù–∏—á–µ–≥–æ,–ù–∏—á–µ–≥–æ,–£–¥–æ–≤–æ–ª—å—Å—Ç–≤–∏–µ –æ—Ç –ø—Ä–æ—Ü–µ—Å—Å–∞,–¥–∞,"–∫–æ–Ω–µ—á–Ω–æ,  –Ω–µ—Ç",,3,–ü—Ä–æ–≥—Ä–∞–º–º–Ω–∞—è –∏–Ω–∂–µ–Ω–µ—Ä–∏—è
03.11.2022 16:44:03,,–í —à–∫–æ–ª–µ –Ω—Ä–∞–≤–∏–ª–æ—Å—å –ø—Ä–æ–≥—Ä–∞–º–º–∏—Ä–æ–≤–∞–Ω–∏–µ,–ª–µ–≥–∫–æ,"Pascal ABC.NET, Visual Studio (–°)",–ª–µ–≥–∫–æ,,—Å–ª–æ–∂–Ω–æ,—Å—Ä–µ–¥–Ω–µ,—Å—Ä–µ–¥–Ω–µ,—Å–ª–æ–∂–Ω–æ,–ù–æ—á–Ω–æ–π –ø—Ä–æ—Å–º–æ—Ç—Ä —Å–µ—Ä–∏–∞–ª–æ–≤,–ö–æ–º–ø—å—é—Ç–µ—Ä–Ω—ã–º–∏ –∏–≥—Ä–∞–º–∏,–°—Ç–∞–ª –±–æ–ª—å—à–µ —É—Å—Ç–∞–≤–∞—Ç—å,52,46,46,"—Å–∫–æ—Ä–µ–µ –¥–∞, —á–µ–º –Ω–µ—Ç;","–ú–Ω–æ–≥–æ –∏ –¥–æ—Å—Ç—É–ø–Ω–æ –æ–±—ä—è—Å–Ω—è–µ—Ç,  –Ω–æ –∏ –º–Ω–æ–≥–æ —Å–ø—Ä–∞—à–∏–≤–∞–µ—Ç",–ó–∞–∫–ª—é—á–∞–µ—Ç—Å—è –Ω–µ —Ç–æ–ª—å–∫–æ –≤ –Ω–∞–ø–∏—Å–∞–Ω–∏–∏ –∫–æ–¥–∞,–ë–æ–ª–µ–µ —Å–∞–º–æ—Å—Ç–æ—è—Ç–µ–ª—å–Ω–æ–µ –Ω–∞–ø–∏—Å–∞–Ω–∏–µ –∫–æ–¥–∞,–°–¥–µ–ª–∞–ª –±—ã –º–µ–Ω—å—à–µ –º–µ–Ω–µ–¥–∂–º–µ–Ω—Ç–∞,"–ù–µ —Ä–∞–∑–æ—á–∞—Ä–æ–≤—ã–≤–∞—é—Å—å –≤ —Ç–æ–º, —á—Ç–æ –Ω–∏—á–µ–≥–æ –Ω–µ —É–º–µ—é",–¥–∞,"–∫–æ–Ω–µ—á–Ω–æ,  –Ω–µ—Ç",,3,–ü—Ä–æ–≥—Ä–∞–º–º–Ω–∞—è –∏–Ω–∂–µ–Ω–µ—Ä–∏—è
03.11.2022 16:44:25,,–Ω—É–∂–Ω–æ –≤—ã—Å—à–µ–µ –æ–±—Ä–∞–∑–æ–≤–∞–Ω–∏–µ,—Å—Ä–µ–¥–Ω–µ,c++ ,—Å–ª–æ–∂–Ω–æ,,—Å—Ä–µ–¥–Ω–µ,—Å—Ä–µ–¥–Ω–µ,–ª–µ–≥–∫–æ,–ª–µ–≥–∫–æ,"CG art, —Å–æ–∑–¥–∞–Ω–∏–µ —Å–∞–π—Ç–æ–≤",–†–∏—Å–æ–≤–∞–Ω–∏–µ, ,15,50,12,–∏ –¥–∞ –∏ –Ω–µ—Ç,"–î–∞–µ—Ç –º–∞–ª–æ, –Ω–æ –∏ —Å–ø—Ä–∞—à–∏–≤–∞–µ—Ç –Ω–µ–º–Ω–æ–≥–æ",–ø—Ä–æ—Ñ–µ—Å—Å–∏—è –ø—Ä–æ–≥—Ä–∞–º–º–∏—Å—Ç–∞ —Å–ª–æ–∂–Ω–µ–µ —á–µ–º –∫–∞–∑–∞–ª–æ—Å—å, ,  ,–Ω–∞–≤—ã–∫–∏,"–Ω–µ—Ç, –Ω–æ –≤—ã–±–µ—Ä—É —Å–º–µ–∂–Ω—É—é –ø—Ä–æ—Ñ–µ—Å—Å–∏—é",–Ω–µ –∑–Ω–∞—é,,3,–ü—Ä–æ–≥—Ä–∞–º–º–Ω–∞—è –∏–Ω–∂–µ–Ω–µ—Ä–∏—è
04.11.2022 12:40:19,,–ø—Ä–æ—Ñ–µ—Å—Å–∏—è –±—ã–ª–∞ –∏–Ω—Ç–µ—Ä–µ—Å–Ω–∞,—Å—Ä–µ–¥–Ω–µ,"C#, C++",—Å—Ä–µ–¥–Ω–µ,,–ª–µ–≥–∫–æ,—Å—Ä–µ–¥–Ω–µ,–ª–µ–≥–∫–æ,—Å—Ä–µ–¥–Ω–µ,"—Ä–∞–∑—Ä–∞–±–æ—Ç–∫–∞, –æ–±—É—á–µ–Ω–∏–µ –Ω–µ–π—Ä–æ—Å–µ—Ç–µ–π",–ø–æ–¥–≥–æ—Ç–æ–≤–∫–æ–π –∫ –ï–ì–≠,–±–æ–ª—å—à–µ –Ω–µ –Ω–∞–¥–æ –≥–æ—Ç–æ–≤–∏—Ç—å—Å—è –∫ –ï–ì–≠,40,30,40,"—Å–∫–æ—Ä–µ–µ –¥–∞, —á–µ–º –Ω–µ—Ç;","–ú–Ω–æ–≥–æ –∏ –¥–æ—Å—Ç—É–ø–Ω–æ –æ–±—ä—è—Å–Ω—è–µ—Ç,  –Ω–æ –∏ –º–Ω–æ–≥–æ —Å–ø—Ä–∞—à–∏–≤–∞–µ—Ç",–Ω–µ –ø–æ–º–µ–Ω—è–ª,"–±–æ–ª—å—à–µ –ø—Ä–∞–∫—Ç–∏–∫–∏, –Ω–∞–ø—Ä–∞–≤–ª–µ–Ω–Ω–æ–π –Ω–∞ —Ä–∞–∑–≤–∏—Ç–∏–µ –º—ã—à–ª–µ–Ω–∏—è, –∏–∑—É—á–µ–Ω–∏–µ –Ω–æ–≤–æ–≥–æ",–ø–æ–º–µ–Ω—å—à–µ –¥–∏—Å—Ü–∏–ø–ª–∏–Ω –Ω–µ —Å–≤—è–∑–∞–Ω–Ω—ã—Ö —Å –ø—Ä–æ—Ñ–µ—Å—Å–∏–µ–π,–ø–æ–ª—É—á–µ–Ω–∏–µ –∑–Ω–∞–Ω–∏–π,–¥–∞,"–∫–æ–Ω–µ—á–Ω–æ,  –Ω–µ—Ç",,2,–ü—Ä–æ–≥—Ä–∞–º–º–Ω–∞—è –∏–Ω–∂–µ–Ω–µ—Ä–∏—è
05.11.2022 13:03:36,,—ç—Ç–æ –Ω–∞–∏–±–æ–ª–µ–µ –ø—Ä–∏–≤–ª–µ–∫–∞—Ç–µ–ª—å–Ω–∞—è —Å—Ñ–µ—Ä–∞ –¥–ª—è –º–µ–Ω—è,—Å—Ä–µ–¥–Ω–µ,-,—Å—Ä–µ–¥–Ω–µ,,–ª–µ–≥–∫–æ,—Å—Ä–µ–¥–Ω–µ,—Å–ª–æ–∂–Ω–æ,—Å—Ä–µ–¥–Ω–µ,"—Ñ—É—Ç–±–æ–ª, —Å–µ—Ä–∏–∞–ª—ã, –º—É–∑—ã–∫–∞","—Ñ—É—Ç–±–æ–ª, —Å–µ—Ä–∏–∞–ª—ã, –º—É–∑—ã–∫–∞",–Ω–µ –∏–∑–º–µ–Ω–∏–ª–∏—Å—å,30-40,60,50-70,"—Å–∫–æ—Ä–µ–µ –¥–∞, —á–µ–º –Ω–µ—Ç;","–ú–Ω–æ–≥–æ –∏ –¥–æ—Å—Ç—É–ø–Ω–æ –æ–±—ä—è—Å–Ω—è–µ—Ç,  –Ω–æ –∏ –º–Ω–æ–≥–æ —Å–ø—Ä–∞—à–∏–≤–∞–µ—Ç",-,—á—Ç–æ–±—ã —Å—Ç–∞–ª–æ –±–æ–ª—å—à–µ –ø—Ä–∞–∫—Ç–∏—á–µ—Å–∫–æ–≥–æ –∑–Ω–∞—á–µ–Ω–∏—è,-,–ø–µ—Ä—Å–ø–µ–∫—Ç–∏–≤—ã –≤ –∫–∞—Ä—å–µ—Ä–µ,–¥–∞,"–∫–æ–Ω–µ—á–Ω–æ,  –Ω–µ—Ç",,3,–ü—Ä–æ–≥—Ä–∞–º–º–Ω–∞—è –∏–Ω–∂–µ–Ω–µ—Ä–∏—è
05.11.2022 13:05:30,,–í–æ—Å—Ç—Ä–µ–±–æ–≤–∞–Ω–Ω–∞—è –ø—Ä–æ—Ñ–µ—Å—Å–∏—è,—Å—Ä–µ–¥–Ω–µ,"Pascal, Python",—Å—Ä–µ–¥–Ω–µ,,—Å—Ä–µ–¥–Ω–µ,—Å—Ä–µ–¥–Ω–µ,—Å–ª–æ–∂–Ω–æ,–ª–µ–≥–∫–æ,"–°–ø–æ—Ä—Ç, –º—É–∑—ã–∫–∞, –ø—Ä–æ–≥—Ä–∞–º–º–∏—Ä–æ–≤–∞–Ω–∏–µ","–°–ø–æ—Ä—Ç, –º—É–∑—ã–∫–∞",–ü–æ–≤–ª–∏—è–ª–∞ —É—á—ë–±–∞,40-45,25,80,–∏ –¥–∞ –∏ –Ω–µ—Ç,"–ú–Ω–æ–≥–æ –∏ –¥–æ—Å—Ç—É–ø–Ω–æ –æ–±—ä—è—Å–Ω—è–µ—Ç,  –Ω–æ –∏ –º–Ω–æ–≥–æ —Å–ø—Ä–∞—à–∏–≤–∞–µ—Ç",–ù–µ –ø–æ–º–µ–Ω—è–ª,–î–æ–±–∞–≤–∏—Ç—å –¥–æ–ø–æ–ª–Ω–∏—Ç–µ–ª—å–Ω—ã–µ –ø—Ä–∏–∫–ª–∞–¥–Ω—ã–µ –∫—É—Ä—Å—ã,–ö–æ–ª–∏—á–µ—Å—Ç–≤–æ —Ä–∞–±–æ—Ç –ø–æ –≤—Ç–æ—Ä–æ—Å—Ç–µ–ø–µ–Ω–Ω—ã–º –ø—Ä–µ–¥–º–µ—Ç–∞–º,–ò–Ω—Ç–µ—Ä–µ—Å–Ω–æ–µ –æ–±—É—á–µ–Ω–∏–µ,–¥–∞,"–∫–æ–Ω–µ—á–Ω–æ,  –Ω–µ—Ç",NA,2,–ü—Ä–æ–≥—Ä–∞–º–º–Ω–∞—è –∏–Ω–∂–µ–Ω–µ—Ä–∏—è
05.11.2022 15:07:41,,"–í —Å—Ä–∞–≤–Ω–µ–Ω–∏–∏ —Å –¥—Ä—É–≥–∏–º–∏ –ø—Ä–æ—Ñ–µ—Å—Å–∏—è–º–∏, —è –ø–æ—Å—á–∏—Ç–∞–ª, —á—Ç–æ —Å–º–æ–≥—É –Ω–∞–π—Ç–∏ —Å–≤–æ—ë –º–µ—Å—Ç–æ –≤ —Å—Ç–æ–ª—å –æ–±—à–∏—Ä–Ω–æ–º –≤—ã–±–æ—Ä–µ —Å–ø–µ—Ü–∏–∞–ª–∏–∑–∞—Ü–∏–π, —É—á–∏—Ç—ã–≤–∞—è —Å–≤–æ–∏ –ø—Ä–µ–¥—Ä–∞—Å–ø–æ–ª–æ–∂–µ–Ω–Ω–æ—Å—Ç–∏ –∫ —Ç–µ—Ö–Ω–∏—á–µ—Å–∫–∏–º –Ω–∞—É–∫–∞–º",—Å—Ä–µ–¥–Ω–µ,"Pascal, Python",—Å—Ä–µ–¥–Ω–µ,,–ª–µ–≥–∫–æ,—Å—Ä–µ–¥–Ω–µ,—Å–ª–æ–∂–Ω–æ,–ª–µ–≥–∫–æ,"Computer Science, —á—Ç–µ–Ω–∏–µ —Ç–µ—Ö–Ω–∏—á–µ—Å–∫–æ–π, –Ω–∞—É—á–Ω–æ-–ø–æ–ø—É–ª—è—Ä–Ω–æ–π –ª–∏—Ç–µ—Ä–∞—Ç—É—Ä—ã","–°–ø–æ—Ä—Ç–æ–º, –∏–≥—Ä–æ–π –Ω–∞ –≥–∏—Ç–∞—Ä–µ, –≤–∏–¥–µ–æ–∏–≥—Ä–∞–º–∏","–Ø —Å—Ç–∞–ª –ø–æ—Å–≤—è—â–∞—Ç—å –±–æ–ª—å—à–µ –≤—Ä–µ–º–µ–Ω–∏ —É—á—ë–±–µ, –≤–æ–∑–Ω–∏–∫ –≤–æ–ø—Ä–æ—Å –æ –±—É–¥—É—â–µ–π –ø—Ä–æ—Ñ–µ—Å—Å–∏–∏",70,42,98,"—Å–∫–æ—Ä–µ–µ –¥–∞, —á–µ–º –Ω–µ—Ç;","–ú–Ω–æ–≥–æ –∏ –¥–æ—Å—Ç—É–ø–Ω–æ –æ–±—ä—è—Å–Ω—è–µ—Ç,  –Ω–æ –∏ –º–Ω–æ–≥–æ —Å–ø—Ä–∞—à–∏–≤–∞–µ—Ç","–Ø –ø—Ä–∏—à–µ–ª –∫ —Å–ª–µ–¥—É—é—â–∏–º –≤—ã–≤–æ–¥–∞–º: –ø–æ–º–∏–º–æ —Å–æ–∑–¥–∞–Ω–∏—è —Ñ—É–Ω–∫—Ü–∏–æ–Ω–∞–ª–∞ –ø—Ä–æ–≥—Ä–∞–º–º, —Ä–∞–∑—Ä–∞–±–æ—Ç—á–∏–∫—É –Ω–µ–æ–±—Ö–æ–¥–∏–º–æ –∑–∞–Ω–∏–º–∞—Ç—å—Å—è –ø—Ä–æ–µ–∫—Ç–∏—Ä–æ–≤–∞–Ω–∏–µ–º –∏ –ø–ª–∞–Ω–∏—Ä–æ–≤–∞–Ω–∏–µ–º –º–Ω–æ–≥–∏—Ö –∑–∞–¥–∞—á, –æ—Ç–ª–∞–¥–∫–æ–π –∏ –º–æ–¥–∏—Ñ–∏–∫–∞—Ü–∏–µ–π —Ç–µ–∫—É—â–µ–≥–æ —Å–æ—Å—Ç–æ—è–Ω–∏—è –ø—Ä–æ–≥—Ä–∞–º–º—ã, –∞ —Ç–∞–∫–∂–µ —É–¥–µ–ª—è—Ç—å –≤–Ω–∏–º–∞–Ω–∏–µ –∏ –¥—Ä—É–≥–∏–º –∞—Å–ø–µ–∫—Ç–∞–º, —á—Ç–æ –º–æ–∂–µ—Ç —Å—Ç–∞—Ç—å –Ω–µ–ª–µ–≥–∫–æ–π –∑–∞–¥–∞—á–µ–π –±–µ–∑ –¥–æ–ª–∂–Ω–æ–π –ø–æ–¥–≥–æ—Ç–æ–≤–∫–∏. ","–ì–∏–±–∫–æ—Å—Ç—å –≤ –≤—ã–±–æ—Ä–µ –∏–∑—É—á–∞–µ–º–æ–π –¥–∏—Å—Ü–∏–ø–ª–∏–Ω—ã, —É—á—ë—Ç –∏–Ω–¥–∏–≤–∏–¥—É–∞–ª—å–Ω—ã—Ö –ø–æ—Ç—Ä–µ–±–Ω–æ—Å—Ç–µ–π —Å—Ç—É–¥–µ–Ω—Ç–∞","–ë–æ–ª—å—à–µ —É–¥–µ–ª—è—Ç—å –≤–Ω–∏–º–∞–Ω–∏–µ —Ä–∞–∑–¥–µ–ª–∞–º –¥–∏—Å—Ü–∏–ø–ª–∏–Ω, —Å–º–µ–∂–Ω—ã—Ö —Å –ø—Ä–æ–≥—Ä–∞–º–º–∏—Ä–æ–≤–∞–Ω–∏–µ–º","–ü—Ä–∏ —É—Å–ø–µ—à–Ω–æ–º –æ–±—É—á–µ–Ω–∏–∏, –∏–º–µ—Ç—å –≤–æ–∑–º–æ–∂–Ω–æ—Å—Ç—å —Ä–∞–±–æ—Ç–∞—Ç—å –≤ –ø–µ—Ä—Å–ø–µ–∫—Ç–∏–≤–Ω–æ–π –∫–æ–º–ø–∞–Ω–∏–∏",–¥–∞,"–∫–æ–Ω–µ—á–Ω–æ,  –Ω–µ—Ç",,2,–ü—Ä–æ–≥—Ä–∞–º–º–Ω–∞—è –∏–Ω–∂–µ–Ω–µ—Ä–∏—è
05.11.2022 20:24:47,,"–ú–Ω–µ –∏–Ω—Ç–µ—Ä–µ—Å–Ω–æ —Å–æ–∑–¥–∞–≤–∞—Ç—å —Å–æ–±—Å—Ç–≤–µ–Ω–Ω—ã–µ –ø—Ä–æ–≥—Ä–∞–º–º—ã, –∏–≥—Ä—ã, –∞ —Ç–∞–∫–∂–µ —Ä–µ—à–∞—Ç—å –∫–∞–∫–∏–µ-–ª–∏–±–æ –∑–∞–¥–∞—á–∏ —Å –ø–æ–º–æ—â—å—é –≠–í–ú",—Å—Ä–µ–¥–Ω–µ,"C++ (–º–∞–ª–æ —á—Ç–æ –æ –Ω—ë–º —Ç–æ–≥–¥–∞ –∑–Ω–∞–ª), Python ",—Å—Ä–µ–¥–Ω–µ,,–ª–µ–≥–∫–æ,—Å—Ä–µ–¥–Ω–µ,—Å–ª–æ–∂–Ω–æ,—Å—Ä–µ–¥–Ω–µ,"–ü—Ä–æ–≥—Ä–∞–º–º–∏—Ä–æ–≤–∞–Ω–∏–µ, –≤–æ–ª–µ–π–±–æ–ª, –∫–æ–º–ø—å—é—Ç–µ—Ä–Ω—ã–µ –∏–≥—Ä—ã","–ü—Ä–æ–≥—Ä–∞–º–º–∏—Ä–æ–≤–∞–Ω–∏–µ, –≤–æ–ª–µ–π–±–æ–ª, –∫–æ–º–ø—å—é—Ç–µ—Ä–Ω—ã–µ –∏–≥—Ä—ã",–û–Ω–∏ –Ω–µ –∏–∑–º–µ–Ω–∏–ª–∏—Å—å,"~20-25(–µ—Å–ª–∏ —Ç–æ–ª—å–∫–æ –¥–æ–º–∞), ~75-85(–µ—Å–ª–∏ –≤–∫–ª—é—á–∞—Ç—å –í–£–ó)",~40-50%(–µ—Å–ª–∏ –ø–æ–¥—Ä–∞–∑—É–º–µ–≤–∞–ª–æ—Å—å —Å–≤–æ–±–æ–¥–Ω–æ–µ –≤—Ä–µ–º—è),30-40,"—Å–∫–æ—Ä–µ–µ –¥–∞, —á–µ–º –Ω–µ—Ç;","–ú–Ω–æ–≥–æ –∏ –¥–æ—Å—Ç—É–ø–Ω–æ –æ–±—ä—è—Å–Ω—è–µ—Ç,  –Ω–æ –∏ –º–Ω–æ–≥–æ —Å–ø—Ä–∞—à–∏–≤–∞–µ—Ç",–ù–∏—á–µ–≥–æ –Ω–µ –∏–∑–º–µ–Ω–∏–ª–æ—Å—å,"–ù–∞–≤–µ—Ä–Ω–æ–µ, –Ω–∏—á–µ–≥–æ","–ü–æ–¥—Ö–æ–¥ –∫ –ø—Ä–µ–ø–æ–¥–∞–≤–∞–Ω–∏—é; –∏–∑–±–∞–≤–ª–µ–Ω–∏–µ –æ—Ç —É—Å—Ç–∞—Ä–µ–≤—à–∏—Ö –ø—Ä–µ–¥–º–µ—Ç–æ–≤, –∫–æ—Ç–æ—Ä—ã–µ –º–∞–ª–æ –ø–æ–º–æ–≥–∞—é—Ç –≤ –ø–æ–Ω–∏–º–∞–Ω–∏–∏ –ø—Ä–æ–≥—Ä–∞–º–º–∏—Ä–æ–≤–∞–Ω–∏—è",–í—ã—Å–æ–∫–∞—è –∑–∞—Ä–ø–ª–∞—Ç–∞ –≤ –±—É–¥—É—â–µ–º; —Å–≤–æ–±–æ–¥–Ω—ã–π –≥—Ä–∞—Ñ–∏–∫; –≤–æ–∑–º–æ–∂–Ω–æ—Å—Ç—å –∑–∞–Ω–∏–º–∞—Ç—å—Å—è –ª—é–±–∏–º—ã–º –¥–µ–ª–æ–º,–¥–∞,"–∫–æ–Ω–µ—á–Ω–æ,  –Ω–µ—Ç",,2,–ü—Ä–æ–≥—Ä–∞–º–º–Ω–∞—è –∏–Ω–∂–µ–Ω–µ—Ä–∏—è
05.11.2022 20:59:27,,"–Ø –≤—ã–±—Ä–∞–ª–∞ —ç—Ç—É –ø—Ä–æ—Ñ–µ—Å—Å–∏—é –∑–∞ –ø–∞—Ä—É –º–µ—Å—è—Ü–µ–≤ –¥–æ –ø–æ—Å—Ç—É–ø–ª–µ–Ω–∏—è, –Ω–∞ —Ç–æ–º –º–æ–º–µ–Ω—Ç, –∏—Å—Ö–æ–¥—è –∏–∑ –ø—Ä–µ–¥–º–µ—Ç–æ–≤ –ï–ì–≠, –∫–æ—Ç–æ—Ä—ã–µ —è –º–æ–≥–ª–∞ —Å–¥–∞—Ç—å, —ç—Ç–æ –±—ã–ª–æ –ª—É—á—à–µ–µ —Ä–µ—à–µ–Ω–∏–µ. –Ø –Ω–µ –≤–∏–¥–µ–ª–∞ —Å–µ–±—è –≥–¥–µ-—Ç–æ –µ—â—ë, –∞ –ø—Ä–æ–≥—Ä–∞–º–∏—Ä–æ–≤–∞–Ω–∏–µ –≤ —à–∫–æ–ª–µ –¥–∞–≤–∞–ª–æ—Å—å –Ω–µ –ø–ª–æ—Ö–æ, –∏ –º–Ω–µ –±—ã–ª–æ –∏–Ω—Ç–µ—Ä–µ—Å–Ω–æ. ",—Å—Ä–µ–¥–Ω–µ,Pascal,—Å—Ä–µ–¥–Ω–µ,,–ª–µ–≥–∫–æ,—Å–ª–æ–∂–Ω–æ,—Å–ª–æ–∂–Ω–æ,—Å–ª–æ–∂–Ω–æ,"–†–∏—Å–æ–≤–∞–Ω–∏–µ, —Ñ–æ—Ç–æ–≥—Ä–∞—Ñ–∏—è, —Ö—É–¥–æ–∂–µ—Å—Ç–≤–µ–Ω–Ω–∞—è –ª–∏—Ç–µ—Ä–∞—Ç—É—Ä–∞, —è–∑—ã–∫–∏","–†–∏—Å–æ–≤–∞–Ω–∏–µ, —Ñ–æ—Ç–æ–≥—Ä–∞—Ñ–∏—è, —Ö—É–¥–æ–∂–µ—Å—Ç–≤–µ–Ω–Ω–∞—è –ª–∏—Ç–µ—Ä–∞—Ç—É—Ä–∞, —è–∑—ã–∫–∏) ","–ú–æ–∏ —É–≤–ª–µ—á–µ–Ω–∏—è –Ω–µ –∏–∑–º–µ–Ω–∏–ª–∏—Å—å, –ø—Ä–æ—Å—Ç–æ –≤ —Ä–∞–∑–Ω—ã–µ —ç—Ç–∞–ø—ã –∂–∏–∑–Ω–∏ —è —É–¥–µ–ª—è—é –≤—Ä–µ–º—è —Ä–∞–∑–Ω—ã–º —Ö–æ–±–±–∏, —á–µ–º—É-—Ç–æ –±–æ–ª—å—à–µ, —á–µ–º—É-—Ç–æ –º–µ–Ω—å—à–µ",53,50%,44,–∏ –¥–∞ –∏ –Ω–µ—Ç,"–ú–Ω–æ–≥–æ –∏ –¥–æ—Å—Ç—É–ø–Ω–æ –æ–±—ä—è—Å–Ω—è–µ—Ç,  –Ω–æ –∏ –º–Ω–æ–≥–æ —Å–ø—Ä–∞—à–∏–≤–∞–µ—Ç","–Ø –Ω–µ –æ—Å–æ–±–µ–Ω–Ω–æ —Å–∏–ª—å–Ω–æ –ø–æ–º–µ–Ω—è–ª–∞ —Å–≤–æ—ë –ø—Ä–µ–¥—Å—Ç–∞–≤–ª–µ–Ω–∏–µ, —É–∑–Ω–∞–ª–∞ —Ç–æ–ª—å–∫–æ, —á—Ç–æ –ø—Ä–æ–≥—Ä–∞–º–º–∏—Å—Ç—ã —É—á–∞—Ç –≥–æ—Ä–∞–∑–¥–æ –±–æ–ª—å—à–µ –ø—Ä–æ ""–º–∞—à–∏–Ω—ã"", –≤–Ω—É—Ç—Ä–µ–Ω–Ω–µ–µ —É—Å—Ç—Ä–æ–π—Å—Ç–≤–æ –∫–æ–º–ø—å—é—Ç–µ—Ä–æ–≤, –ø—Ä–æ–µ–∫—Ç–∏—Ä–æ–≤–∞–Ω–∏–µ, —Ñ–∏–∑–∏–∫—É((","–ù–µ –∑–Ω–∞—é, –Ω–∞–≤–µ—Ä–Ω–æ –Ω–∏—á–µ–≥–æ","–í —Ü–µ–ª–æ–º –ø–æ–º–µ–Ω—å—à–µ –ø—Ä–µ–¥–º–µ—Ç–æ–≤, –Ω–∞ –∫–æ—Ç–æ—Ä—ã—Ö –µ—Å—Ç—å –ª–∞–±—ã –∏ –∏—Ö –æ—Ç—á–µ—Ç:) ","–í–æ–∑–º–æ–∂–Ω–æ—Å—Ç—å —Ö–æ—Ä–æ—à–µ–π —Ä–∞–±–æ—Ç—ã –≤ –±—É–¥—É—â–µ–º, —Å—Ç–∏–ø–µ–Ω–¥–∏—è, –≥—Ä—É–ø–ø–∞ –æ—á–µ–Ω—å –∫–ª–∞—Å—Å–Ω–∞—è –ø–æ–ø–∞–ª–∞—Å—å) ","–ü–æ–∫–∞ —á—Ç–æ —Å–ª–æ–∂–Ω–æ —Å–∫–∞–∑–∞—Ç—å, —Å–µ–π—á–∞—Å —è –Ω–µ –Ω–∞ —Å—Ç–æ –ø—Ä–æ—Ü–µ–Ω—Ç–æ–≤ –≤ —ç—Ç–æ–º —É–≤–µ—Ä–µ–Ω–∞","–∫–æ–Ω–µ—á–Ω–æ,  –Ω–µ—Ç","–£—á–∏—Ç—å—Å—è –Ω–∞ –ø—Ä–æ–≥—Ä–∞–º–º–∏—Å—Ç–∞ –ø—Ä–∞–≤–¥–∞ —Å–ª–æ–∂–Ω–æ, –Ω–æ —è –Ω–µ —Å—á–∏—Ç–∞—é, —á—Ç–æ —ç—Ç–æ —Å–ª–æ–∂–Ω–µ–µ –º–Ω–æ–≥–∏—Ö –¥—Ä—É–≥–∏—Ö –ø—Ä–æ—Ñ–µ—Å—Å–∏–π, –≤–æ –≤—Å—ë–º –µ—Å—Ç—å —Å–≤–æ–∏ –ø–ª—é—Å—ã –∏ –º–∏–Ω—É—Å—ã",2,–ü—Ä–æ–≥—Ä–∞–º–º–Ω–∞—è –∏–Ω–∂–µ–Ω–µ—Ä–∏—è
06.11.2022 0:41:48,,–°—á–∏—Ç–∞–ª –¥–∞–Ω–Ω—É—é –ø—Ä–æ—Ñ–µ—Å—Å–∏—é –Ω–∞–∏–±–æ–ª–µ–µ –ø—Ä–µ—Å—Ç–∏–∂–Ω–æ–π,—Å—Ä–µ–¥–Ω–µ,Pascal,—Å—Ä–µ–¥–Ω–µ,,—Å—Ä–µ–¥–Ω–µ,–ª–µ–≥–∫–æ,—Å—Ä–µ–¥–Ω–µ,—Å–ª–æ–∂–Ω–æ,"–ü—Ä–æ–≥—Ä–∞–º–º–∏—Ä–æ–≤–∞–Ω–∏–µ, –∑–∞–Ω—è—Ç–∏–µ —á–µ–º-–ª–∏–±–æ –Ω–∞ –∫–æ–º–ø—å—é—Ç–µ—Ä–µ","–ü—Ä–æ–≥—Ä–∞–º–º–∏—Ä–æ–≤–∞–Ω–∏–µ, –∑–∞–Ω—è—Ç–∏–µ —á–µ–º-–ª–∏–±–æ –Ω–∞ –∫–æ–º–ø—å—é—Ç–µ—Ä–µ",–ù–µ –∏–∑–º–µ–Ω–∏–ª–∏—Å—å,11,50,35,"—Å–∫–æ—Ä–µ–µ –¥–∞, —á–µ–º –Ω–µ—Ç;","–î–∞–µ—Ç –º–∞–ª–æ, –Ω–æ –∏ —Å–ø—Ä–∞—à–∏–≤–∞–µ—Ç –Ω–µ–º–Ω–æ–≥–æ",–ù–µ –ø–æ–º–µ–Ω—è–ª,–ë–µ–∑ –∫–æ–º–º–µ–Ω—Ç–∞—Ä–∏–µ–≤,–ë–µ–∑ –∫–æ–º–º–µ–Ω—Ç–∞—Ä–∏–µ–≤,–£–¥–æ–≤–ª–µ—Ç–≤–æ—Ä–µ–Ω–∏–µ –æ—Ç –≤—ã–ø–æ–ª–Ω–µ–Ω–∏—è —Ä–∞–Ω–µ–µ –Ω–µ–¥–æ—Å—Ç—É–ø–Ω—ã—Ö –∏–∑-–∑–∞ –æ—Ç—Å—É—Ç—Å—Ç–≤–∏—è —É–º–µ–Ω–∏–π –∑–∞–¥–∞—á,–¥–∞,"–∫–æ–Ω–µ—á–Ω–æ,  –Ω–µ—Ç",–ë–µ–∑ –∫–æ–º–º–µ–Ω—Ç–∞—Ä–∏–µ–≤,3,–ü—Ä–æ–≥—Ä–∞–º–º–Ω–∞—è –∏–Ω–∂–µ–Ω–µ—Ä–∏—è
06.11.2022 17:06:37,,"–≤ —à–∫–æ–ª–µ –∏–Ω—Ñ–æ—Ä–º–∞—Ç–∏–∫–∞ –¥–∞–≤–∞–ª–∞—Å—å –ª–µ–≥–∫–æ, –∑–∞ —ç—Ç–æ–π –ø—Ä–æ—Ñ–µ—Å—Å–∏–µ–π –±—É–¥—É—â–µ–µ",—Å—Ä–µ–¥–Ω–µ,"Python, Pascal, –ö—É–º–∏—Ä..",—Å–ª–æ–∂–Ω–æ,,—Å—Ä–µ–¥–Ω–µ,—Å—Ä–µ–¥–Ω–µ,—Å–ª–æ–∂–Ω–æ,–ª–µ–≥–∫–æ,–±–æ–ª—å—à–µ —Ç–≤–æ—Ä—á–µ—Å–∫–∏–µ (—Ä–∏—Å–æ–≤–∞–Ω–∏–µ),—Ç–∞–∫–∂–µ —Ç–≤–æ—Ä—á–µ—Å—Ç–≤–æ–º –≤ –º–∞–ª–æ–º –∫–æ–ª–∏—á–µ—Å—Ç–≤–µ,NA,"–∑–∞—Ç—Ä—É–¥–Ω—è—é—Å—å —Å–∫–∞–∑–∞—Ç—å, –Ω–µ—Å–∫–æ–ª—å–∫–æ —á–∞—Å–æ–≤ –≤ –¥–µ–Ω—å",NA,"–±–æ–ª—å—à–µ, —á–µ–º —Ç—Ä–∞—á—É –≤—Ä–µ–º—è –Ω–∞ —É—á–µ–±—É","—Å–∫–æ—Ä–µ–µ –¥–∞, —á–µ–º –Ω–µ—Ç;","–ú–Ω–æ–≥–æ –∏ –¥–æ—Å—Ç—É–ø–Ω–æ –æ–±—ä—è—Å–Ω—è–µ—Ç,  –Ω–æ –∏ –º–Ω–æ–≥–æ —Å–ø—Ä–∞—à–∏–≤–∞–µ—Ç","—ç—Ç–∞ –ø—Ä–æ—Ñ–µ—Å—Å–∏—è —Å–ª–æ–∂–Ω–µ–µ –∏ –º–Ω–æ–≥–æ–≥—Ä–∞–Ω–Ω–µ–µ, —á–µ–º –∫–∞–∑–∞–ª–æ—Å—å",–±–æ–ª—å—à–µ –ø–æ—Å–≤—è—â–∞—Ç—å –≤—Ä–µ–º–µ–Ω–∏ –Ω–∞–ø–∏—Å–∞–Ω–∏—é –∫–æ–¥–∞,—É–±—Ä–∞—Ç—å –Ω–µ—Å–≤—è–∑–∞–Ω–Ω—ã–µ —Å –ø—Ä–æ–≥—Ä–∞–º–º–∏—Ä–æ–≤–∞–Ω–∏–µ–º –ø—Ä–µ–¥–º–µ—Ç—ã,NA,–¥–∞,–Ω–µ –∑–Ω–∞—é,NA,2,–ü—Ä–æ–≥—Ä–∞–º–º–Ω–∞—è –∏–Ω–∂–µ–Ω–µ—Ä–∏—è
06.11.2022 17:08:31,,—ç—Ç–æ –æ—á–µ–Ω—å –ø–µ—Ä—Å–ø–µ–∫—Ç–∏–≤–Ω–æ–µ –Ω–∞–ø—Ä–∞–≤–ª–µ–Ω–∏–µ –Ω–∞ —Å–µ–≥–æ–¥–Ω—è—à–Ω–∏–π –¥–µ–Ω—å,—Å—Ä–µ–¥–Ω–µ,"–≤–ª–∞–¥–µ–ª –ø–∞—Å–∫–∞–ª–µ–º –∏ –ø–∏—Ç–æ–Ω–æ–º –Ω–∞ –±–∞–∑–æ–≤–æ–º —É—Ä–æ–≤–Ω–µ, –Ω–µ–æ–±—Ö–æ–¥–∏–º—ã–º –¥–ª—è –ø–æ–¥–≥–æ—Ç–æ–≤–∫–∏ –∫ –ï–ì–≠",—Å—Ä–µ–¥–Ω–µ,,–ª–µ–≥–∫–æ,—Å—Ä–µ–¥–Ω–µ,—Å–ª–æ–∂–Ω–æ,–ª–µ–≥–∫–æ,"–∑–∞–Ω–∏–º–∞—é—Å—å —Å–ø–æ—Ä—Ç–æ–º, –æ—Å–≤–∞–∏–≤–∞—é —Ñ–æ—Ç–æ—à–æ–ø –∏ C++)","—Å–ø–æ—Ä—Ç–æ–º, –æ—Å–æ–±–æ –Ω–µ –∫–æ–¥–∏–ª –∏ –Ω–µ –∑–∞–Ω–∏–º–∞–ª—Å—è —Ñ–æ—Ç–æ—à–æ–ø–æ–º",–ø–æ—Å–º–æ—Ç—Ä–µ–ª –æ–±—É—á–∞—é—â–∏–µ —Ä–æ–ª–∏–∫–∏ –Ω–∞ —é—Ç—É–±–µ –∏ –º–µ–Ω—è –∑–∞–∏–Ω—Ç–µ—Ä–µ—Å–æ–≤–∞–ª–∏ –Ω–æ–≤—ã–µ –Ω–∞–ø—Ä–∞–≤–ª–µ–Ω–∏—è,56,+-35,35,"—Å–∫–æ—Ä–µ–µ –¥–∞, —á–µ–º –Ω–µ—Ç;","–î–∞–µ—Ç –º–∞–ª–æ, –Ω–æ –∏ —Å–ø—Ä–∞—à–∏–≤–∞–µ—Ç –Ω–µ–º–Ω–æ–≥–æ",–ï—â–µ —É—á—É—Å—å,–¥–æ–±–∞–≤–∏—Ç—å –±–æ–ª—å—à–µ –ø—Ä–∞–∫—Ç–∏—á–µ—Å–∫–∏—Ö –∑–∞–Ω—è—Ç–∏–π –ø–æ –¥–∏—Å—Ü–∏–ø–ª–∏–Ω–∞–º —Å –ø—Ä–æ–≥—Ä–∞–º–º–∏—Ä–æ–≤–∞–Ω–∏–µ–º,—Å–æ–∫—Ä–∞—Ç–∏—Ç—å –∫–æ–ª–∏—á–µ—Å—Ç–≤–æ —á–∞—Å–æ–≤ –Ω–∞ –Ω–µ–ø—Ä–æ—Ñ–∏–ª—å–Ω—ã—Ö –ø—Ä–µ–¥–º–µ—Ç–∞—Ö –∏ –æ—Ç–¥–∞—Ç—å –∏—Ö –ø–æ–¥ –ø—Ä–æ—Ñ–∏–ª—å–Ω—ã–µ,–Ω–∞–≤–µ—Ä–Ω–æ–µ –∑–¥–µ—Å—å –¥–æ–ª–∂–µ–Ω –±—ã—Ç—å –æ—Ç–≤–µ—Ç —Å—Ç–∏–ø–µ–Ω–¥–∏—è),–¥–∞,"–∫–æ–Ω–µ—á–Ω–æ,  –Ω–µ—Ç",,2,–ü—Ä–æ–≥—Ä–∞–º–º–Ω–∞—è –∏–Ω–∂–µ–Ω–µ—Ä–∏—è
09.11.2022 12:27:56,,"–Ø —Å—á–∏—Ç–∞—é, —á—Ç–æ —ç—Ç–æ –∏–Ω—Ç–µ—Ä–µ—Å–Ω–æ.",—Å—Ä–µ–¥–Ω–µ,python,—Å—Ä–µ–¥–Ω–µ,,—Å—Ä–µ–¥–Ω–µ,—Å—Ä–µ–¥–Ω–µ,—Å–ª–æ–∂–Ω–æ,—Å—Ä–µ–¥–Ω–µ,–î–æ–¥–µ–ª—ã–≤–∞—Ç—å –¥–æ–º–∞ –ª–∞–±–æ—Ä–∞—Ç–æ—Ä–Ω—ã–µ.,–ù–µ –¥–æ–¥–µ–ª—ã–≤–∞—Ç—å –¥–æ–º–∞ –ª–∞–±–æ—Ä–∞—Ç–æ—Ä–Ω—ã–µ.,–Ø –ø–æ—Å—Ç—É–ø–∏–ª –≤ –í–£–ó,86400 —Å–µ–∫—É–Ω–¥,"99,99","0,01","—Å–∫–æ—Ä–µ–µ –¥–∞, —á–µ–º –Ω–µ—Ç;","–ú–Ω–æ–≥–æ –∏ –¥–æ—Å—Ç—É–ø–Ω–æ –æ–±—ä—è—Å–Ω—è–µ—Ç,  –Ω–æ –∏ –º–Ω–æ–≥–æ —Å–ø—Ä–∞—à–∏–≤–∞–µ—Ç",–µ—â—ë –Ω–µ –¥–æ—É—á–∏–ª—Å—è.,–Ω–∞—á–∞—Ç—å –æ–æ–ø,—É–±—Ä–∞—Ç—å –Ω–∏–∑–∫–æ—É—Ä–æ–≤–Ω–µ–≤—ã–µ —è–∑—ã–∫–∏ —Å–æ 2–æ–≥–æ –ø–æ 4—ã–π –∫—É—Ä—Å,   ,–¥–∞,"–∫–æ–Ω–µ—á–Ω–æ,  –Ω–µ—Ç",–Ω–µ—Ç,2,–ü—Ä–æ–≥—Ä–∞–º–º–Ω–∞—è –∏–Ω–∂–µ–Ω–µ—Ä–∏—è
09.11.2022 12:27:58,,–°–ª—É—á–∞–π–Ω–æ,–ª–µ–≥–∫–æ,"











–Ω–µ—Ç











",–ª–µ–≥–∫–æ,,–ª–µ–≥–∫–æ,–ª–µ–≥–∫–æ,—Å—Ä–µ–¥–Ω–µ,–ª–µ–≥–∫–æ,–ö–û–î,–¥–∞,–æ–Ω–∏ –Ω–µ –º–µ–Ω—è–ª–∏—Å—å,100,70,20,"—Å–∫–æ—Ä–µ–µ –¥–∞, —á–µ–º –Ω–µ—Ç;","–ú–Ω–æ–≥–æ –∏ –¥–æ—Å—Ç—É–ø–Ω–æ –æ–±—ä—è—Å–Ω—è–µ—Ç,  –Ω–æ –∏ –º–Ω–æ–≥–æ —Å–ø—Ä–∞—à–∏–≤–∞–µ—Ç",–Ω–µ—Ç,–∞—Ä—Ö–≠–í–ú,–≤—Å–µ –Ω–æ—Ä–º–∞–ª—å–Ω–æ,–ü–µ—Ä—Å–ø–µ–∫—Ç–∏–≤–∞ –±—É–¥—É—â–µ–≥–æ,–¥–∞,"—Ö–æ—á—É –Ω–∞–ø–∏—Å–∞—Ç—å –∫—Ä—É—Ç–æ–π –∫–æ–¥, –∞ –Ω–µ –∑–∞–Ω–∏–º–∞—Ç—å—Å—è –µ—Ä—É–Ω–¥–æ–π",,2,–ü—Ä–æ–≥—Ä–∞–º–º–Ω–∞—è –∏–Ω–∂–µ–Ω–µ—Ä–∏—è
14.11.2022 22:20:53,,–û–Ω–∞ –æ—á–µ–Ω—å –≤—ã—Å–æ–∫–æ–æ–ø–ª–∞—á–∏–≤–∞–µ–º–∞—è –∏ –º–Ω–µ –Ω—Ä–∞–≤–∏–ª–æ—Å—å –ø—Ä–æ–≥—Ä–∞–º–º–∏—Ä–æ–≤–∞–Ω–∏–µ –≤ —à–∫–æ–ª–µ,—Å–ª–æ–∂–Ω–æ,–ó–Ω–∞–ª –±–∞–∑–æ–≤—ã–µ –∞–ª–≥–æ—Ä–∏—Ç–º–∏—á–µ—Å–∫–∏–µ —Å—Ç—Ä—É–∫—Ç—É—Ä—ã –∏ —É–º–µ–ª –∏—Ö –∏—Å–ø–æ–ª—å–∑–æ–≤–∞—Ç—å –≤ –ø–∞—Å–∫–∞–ª–µ –∏ —É–º–µ–ª –ø–æ–ª—å–∑–æ–≤–∞—Ç—å—Å—è —É—á–µ–±–Ω–æ–π —Å—Ä–µ–¥–æ–π —Ä–∞–∑—Ä–∞–±–æ—Ç–∫–∏ ABC –ø–∞—Å–∫–∞–ª—å,—Å—Ä–µ–¥–Ω–µ,,—Å—Ä–µ–¥–Ω–µ,—Å—Ä–µ–¥–Ω–µ,—Å–ª–æ–∂–Ω–æ,–ª–µ–≥–∫–æ,"–û–∫–æ–ª–æ –∫–∏–±–µ—Ä—Å–ø–æ—Ä—Ç–∏–≤–Ω–∞—è —Å—Ñ–µ—Ä–∞, –∏–Ω—Ç–µ—Ä–µ—Å—É—é—Å—å –∫–∏–Ω–æ –∏ –∏—Å—Ç–æ—Ä–∏–µ–π","–ò–≥—Ä–∞–ª –Ω–∞ –º—É–∑—ã–∫–∞–ª—å–Ω—ã—Ö –∏–Ω—Å—Ç—Ä—É–º–µ–Ω—Ç–∞—Ö, –º–Ω–æ–≥–æ –≤—Ä–µ–º–µ–Ω–∏ —É–¥–µ–ª—è–ª —Å–ø–æ—Ä—Ç–∏–≤–Ω—ã–º –∏–≥—Ä–∞–º","–Ø –ø–æ–≤–∑—Ä–æ—Å–ª–µ–ª, –∏ –∏–∑-–∑–∞ —Ç–æ–≥–æ, —á—Ç–æ —É—á–µ–±–∞ –¥–∞–≤–∞–ª–∞—Å—å —Å–ª–æ–∂–Ω–æ, –ø—Ä–∏—à–ª–æ—Å—å –æ—Ç–∫–∞–∑–∞—Ç—å—Å—è –æ—Ç –æ—á–µ–Ω—å –∑–∞—Ç—Ä–∞—Ç–Ω—ã—Ö –ø–æ –≤—Ä–µ–º–µ–Ω–∏ —É–≤–ª–µ—á–µ–Ω–∏–π, —Å –Ω–∞—á–∞–ª–∞ 5 –∫—É—Ä—Å–∞ —É—Å—Ç—Ä–æ–∏–ª—Å—è –Ω–∞ —Ä–∞–±–æ—Ç—É –∏ –≤—Ä–µ–º–µ–Ω–∏ —Å—Ç–∞–ª–æ –µ—â–µ –º–µ–Ω—å—à–µ","10-15 —á–∞—Å–æ–≤ –≤ –Ω–µ–¥–µ–ª—é, –±–µ–∑ —É—á–µ—Ç–∞ –ø–æ—Å–µ—â–µ–Ω–∏—è –∑–∞–Ω—è—Ç–∏–π –≤ —É–Ω–∏–≤–µ—Ä—Å–∏—Ç–µ—Ç–µ","8,4 - 12,6 (–ø—Ä–∏ —Ä–∞—Å—á–µ—Ç–µ 9 —á–∞—Å–æ–≤, –∫–æ—Ç–æ—Ä—ã–µ —è —Ç—Ä–∞—á—É –Ω–∞ —Å–æ–Ω –∫–∞–∂–¥—ã–π –¥–µ–Ω—å –Ω–µ —É—á–∏—Ç—ã–≤–∞—é—Ç—Å—è)",24,"—Å–∫–æ—Ä–µ–µ –¥–∞, —á–µ–º –Ω–µ—Ç;","–ú–Ω–æ–≥–æ –∏ –¥–æ—Å—Ç—É–ø–Ω–æ –æ–±—ä—è—Å–Ω—è–µ—Ç,  –Ω–æ –∏ –º–Ω–æ–≥–æ —Å–ø—Ä–∞—à–∏–≤–∞–µ—Ç","–ü—Ä–æ–≥—Ä–∞–º–º–∏—Ä–æ–≤–∞–Ω–∏–µ –ø–µ—Ä–µ—Å—Ç–∞–ª–æ –±—ã—Ç—å –∏—Å–∫–ª—é—á–∏—Ç–µ–ª—å–Ω–æ —Ç–≤–æ—Ä—á–µ—Å–∫–∏–º –∏ –∏—Å—Å–ª–µ–¥–æ–≤–∞—Ç–µ–ª—å—Å–∫–∏–º –∑–∞–Ω—è—Ç–∏–µ–º, —è —Å—Ç–∞–ª –≤–æ—Å–ø—Ä–∏–Ω–∏–º–∞—Ç—å –±–æ–ª—å—à—É—é —á–∞—Å—Ç—å —Ä–∞–±–æ—Ç—ã, –≤—ã–ø–æ–ª–Ω—è–µ–º—É—é –ø—Ä–æ–≥—Ä–∞–º–º–∏—Å—Ç–æ–º, –∫–∞–∫ –ø–æ—Å–ª–µ–¥–æ–≤–∞—Ç–µ–ª—å–Ω–æ—Å—Ç—å —à–∞–±–ª–æ–Ω–Ω—ã—Ö –¥–µ–π—Å—Ç–≤–∏–π, –∫–æ—Ç–æ—Ä—ã–µ –Ω–∞–¥–æ –≤—ã–ø–æ–ª–Ω—è—Ç—å –∏–∑ —Ä–∞–∑–∞ –≤ —Ä–∞–∑, –∞ –∏—Å—Å–ª–µ–¥–æ–≤–∞—Ç–µ–ª—å—Å–∫–∏–µ –∏ —Ç–≤–æ—Ä—á–µ—Å–∫–∏–µ –º–æ–º–µ–Ω—Ç—ã –≤ —Ä–µ–∞–ª—å–Ω–æ—Å—Ç–∏ –≤—Å—Ç—Ä–µ—á–∞—é—Ç—Å—è —Å–æ–≤—Å–µ–º –Ω–µ—á–∞—Å—Ç–æ","–•–æ—Ç–µ–ª–æ—Å—å –±—ã –±–æ–ª—å—à–µ –≤–Ω–∏–º–∞–Ω–∏—è —É–¥–µ–ª–∏—Ç—å –∞–ª–≥–æ—Ä–∏—Ç–º–∞–º –∏ —Å—Ç—Ä—É–∫—Ç—É—Ä–∞–º –¥–∞–Ω–Ω—ã—Ö, –±–æ–ª—å—à—É—é —Å–≤—è–∑–∞–Ω–Ω–æ—Å—Ç—å —Ä–∞–±–æ—Ç –≤ —Ä–∞–º–∫–∞—Ö –¥–∏—Å—Ü–∏–ø–ª–∏–Ω (—á—Ç–æ–±—ã –±—ã–ª–æ –±–æ–ª—å—à–µ –ø—Ä–æ–µ–∫—Ç–æ–≤, –∫–æ—Ç–æ—Ä—ã–µ –º–æ–∂–Ω–æ —Å–æ–∑–¥–∞—é—Ç—Å—è –≤ —Ä–∞–º–∫–∞—Ö –æ–¥–Ω–æ–π –¥–∏—Å—Ü–∏–ø–ª–∏–Ω—ã, –∏ –¥–æ—Ä–∞–±–∞—Ç—ã–≤–∞—é—Ç—Å—è, –∏ —É–ª—É—á—à–∞—é—Ç—Å—è –≤ —Ä–∞–º–∫–∞—Ö –¥—Ä—É–≥–∏—Ö –¥–∏—Å—Ü–∏–ø–ª–∏–Ω) ","–ß—Ç–æ–±—ã –≤—Å–µ –≤—Ç–æ—Ä–æ—Å—Ç–µ–ø–µ–Ω–Ω—ã–µ –¥–∏—Å—Ü–∏–ø–ª–∏–Ω—ã –±—ã–ª–∏ –±–æ–ª—å—à–µ —Å–≤—è–∑–∞–Ω—ã —Å –ø—Ä–æ–≥—Ä–∞–º–º–∏—Ä–æ–≤–∞–Ω–∏–µ–º, –Ω–∞–ø—Ä–∏–º–µ—Ä, –∏—Å—Ç–æ—Ä–∏—è –±—ã–ª–∞ –±–æ–ª—å—à–µ –≤ –∫–æ–Ω—Ç–µ–∫—Å—Ç–µ —Ä–∞–∑–≤–∏—Ç–∏—è –ü–ö, –∏–Ω—Ñ–æ—Ä–º–∞—Ü–∏–æ–Ω–Ω—ã—Ö —Å–∏—Å—Ç–µ–º, –∏—Å–∫—É—Å—Å—Ç–≤–µ–Ω–Ω–æ–≥–æ –∏–Ω—Ç–µ–ª–ª–µ–∫—Ç–∞ –∏ —Ç.–¥. ","–≤—ã—Å–æ–∫–∞—è –∑–ø,  –≤–æ–∑–º–æ–∂–Ω–æ—Å—Ç—å –æ—Ç–Ω–æ—Å–∏—Ç–µ–ª—å–Ω–æ –±—ã—Å—Ç—Ä–æ –Ω–∞–π—Ç–∏ —Ä–∞–±–æ—Ç—É, —Ö–æ—Ä–æ—à–∏–µ —É—Å–ª–æ–≤–∏—è —Ç—Ä—É–¥–∞",–¥–∞,"–∫–æ–Ω–µ—á–Ω–æ,  –Ω–µ—Ç",,6,–ü—Ä–æ–≥—Ä–∞–º–º–Ω–∞—è –∏–Ω–∂–µ–Ω–µ—Ä–∏—è
07.10.2024 14:50:04,,",,",—Å–ª–æ–∂–Ω–æ,",,",—Å–ª–æ–∂–Ω–æ,,—Å—Ä–µ–¥–Ω–µ,—Å—Ä–µ–¥–Ω–µ,—Å—Ä–µ–¥–Ω–µ,—Å—Ä–µ–¥–Ω–µ,",,",",,",",,",",,",",,",",,",–∏ –¥–∞ –∏ –Ω–µ—Ç,"–î–∞–µ—Ç –º–∞–ª–æ, –Ω–æ –∏ —Å–ø—Ä–∞—à–∏–≤–∞–µ—Ç –Ω–µ–º–Ω–æ–≥–æ",",,",",,",",,,,",",,",–Ω–µ—Ç,"–∫–æ–Ω–µ—á–Ω–æ,  –Ω–µ—Ç",",,",6,–ü—Ä–æ–≥—Ä–∞–º–º–Ω–∞—è –∏–Ω–∂–µ–Ω–µ—Ä–∏—è
25.10.2024 15:17:54,,–ü–æ —Å–æ–≤–ø–∞–¥–µ–Ω–∏—é,—Å—Ä–µ–¥–Ω–µ,Java :) & C++ ,—Å—Ä–µ–¥–Ω–µ,,—Å—Ä–µ–¥–Ω–µ,—Å—Ä–µ–¥–Ω–µ,–ª–µ–≥–∫–æ,–ª–µ–≥–∫–æ,"being a business man , why i should work in company while i could own the company :)",Robotics ,"Life Changes , Life Changes",40-50 hour,75% from my life ,0,–∏ –¥–∞ –∏ –Ω–µ—Ç,"–ú–Ω–æ–≥–æ –∏ –¥–æ—Å—Ç—É–ø–Ω–æ –æ–±—ä—è—Å–Ω—è–µ—Ç,  –Ω–æ –∏ –º–Ω–æ–≥–æ —Å–ø—Ä–∞—à–∏–≤–∞–µ—Ç",i changed my mind for being a programmer who works in a company i would like more running a businesses or at least be in a professional company .,from the first course start deep in the real important things in programming not wasting time in subjects like economics and philosophy and programming first semester (Kumir) also start check the newest things in these days like AI and not study Old Low Level Languages like C .,"No, i love programming <3",the way they teach ,i want but only in good work team companies ,i will not go to ARMY YAAAAAAAYY ! XD But Still i want to Get married :(,i love You ALL <3 Peace ,3,–ü—Ä–æ–≥—Ä–∞–º–º–Ω–∞—è –∏–Ω–∂–µ–Ω–µ—Ä–∏—è